{
    "0": {
        "rot": [
            [
                0.9954198048269851,
                -0.0060514279960725845,
                0.09535204090552274
            ],
            [
                0.022123261294624788,
                0.9854488775048119,
                -0.16848718071624413
            ],
            [
                -0.0929443022274029,
                0.16982790278608415,
                0.9810777560784316
            ]
        ],
        "trans": [
            -0.0039495814474614305,
            -0.004741024338240399,
            0.009568047497368337
        ]
    }
}