{
    "0": {
        "rot": [
            [
                0.9790002698765443,
                -0.15227028463825304,
                0.1354980774073835
            ],
            [
                0.1772232638575672,
                0.9642633585080072,
                -0.19689855023647587
            ],
            [
                -0.10067826324924516,
                0.21677874375133602,
                0.9710118541672368
            ]
        ],
        "trans": [
            0.016908555434999188,
            0.012263627761823376,
            0.004473771206957041
        ]
    }
}