{
    "0": {
        "rot": [
            [
                0.9917652888278564,
                -0.11740511082213982,
                0.051061676845134664
            ],
            [
                0.12685811904873465,
                0.9548291550182108,
                -0.26868252714109736
            ],
            [
                -0.01721366886500962,
                0.27295103938310783,
                0.96187005489577
            ]
        ],
        "trans": [
            0.0069913741902347575,
            -0.0054625635113278535,
            0.013744225527905947
        ]
    }
}