{
    "0": {
        "rot": [
            [
                0.9826685283756202,
                -0.03595733964169741,
                -0.18182016568602818
            ],
            [
                0.04348956358358747,
                0.9983368802535195,
                0.03764303953626326
            ],
            [
                0.18016394085181323,
                -0.04490058376862932,
                0.9826077075627362
            ]
        ],
        "trans": [
            -0.015336727305270028,
            -0.03019284795562896,
            0.015580063698705671
        ]
    }
}