{
    "0": {
        "rot": [
            [
                0.9083684093613991,
                -0.35373294601000593,
                -0.22299634642188274
            ],
            [
                0.28813746574340304,
                0.9159671316342852,
                -0.27918878134359437
            ],
            [
                0.30301208625729537,
                0.18935027300893084,
                0.9339782787278825
            ]
        ],
        "trans": [
            -0.031196469859522832,
            -0.026583563455417333,
            0.024179680624810018
        ]
    }
}