{
    "0": {
        "rot": [
            [
                0.96163789590344,
                -0.20440534541172253,
                0.18291170256616618
            ],
            [
                0.2518373434861226,
                0.9221981313318746,
                -0.29341438131706826
            ],
            [
                -0.10870755803854015,
                0.32820765131784124,
                0.9383160575318894
            ]
        ],
        "trans": [
            0.011112314234177016,
            0.006296395572821587,
            0.006027434618888165
        ]
    }
}