{
    "0": {
        "rot": [
            [
                0.9224248722629322,
                -0.3392699924021197,
                0.18442669033131473
            ],
            [
                0.38405471431988686,
                0.8558241817255396,
                -0.3464746675031495
            ],
            [
                -0.0402854796966026,
                0.3904191064527798,
                0.9197440596482901
            ]
        ],
        "trans": [
            0.03156012086037553,
            0.036828135142165555,
            -0.001171424962574501
        ]
    }
}