{
    "0": {
        "rot": [
            [
                0.8982539049670787,
                -0.43756338670608935,
                -0.040862419297083896
            ],
            [
                0.39373841900923473,
                0.8425886975858831,
                -0.3674148025799468
            ],
            [
                0.1952005245416937,
                0.3139385593627717,
                0.9291540153173465
            ]
        ],
        "trans": [
            0.03661427539911949,
            0.05036229660017585,
            0.01747099904443067
        ]
    }
}