{
    "0": {
        "rot": [
            [
                0.9819951710568647,
                0.04897321309421596,
                0.18242003062750053
            ],
            [
                0.05570314305475603,
                0.8477331218023627,
                -0.5274597934216384
            ],
            [
                -0.18047823414250122,
                0.5281224534522927,
                0.8297588681746536
            ]
        ],
        "trans": [
            0.05224795304907004,
            0.039321436430039776,
            0.031053484953161067
        ]
    }
}