{
    "0": {
        "rot": [
            [
                0.9638662648350408,
                0.221539938293952,
                0.14791154239443777
            ],
            [
                -0.11648607698625493,
                0.8499071491789079,
                -0.5138946717298427
            ],
            [
                -0.23956066365976256,
                0.4780975241776757,
                0.8450050876051854
            ]
        ],
        "trans": [
            0.0285859124043869,
            0.02728463697942781,
            0.036665072924610624
        ]
    }
}