{
    "0": {
        "rot": [
            [
                0.9680685139858974,
                0.132449632637444,
                -0.21277824056015837
            ],
            [
                -0.2175855282363367,
                0.8655188018423119,
                -0.451081562765061
            ],
            [
                0.12441463196623997,
                0.4829808786098338,
                0.8667339592862227
            ]
        ],
        "trans": [
            -0.01845585405207929,
            0.026994461920463397,
            -0.048507829815771286
        ]
    }
}