{
    "0": {
        "rot": [
            [
                0.8772577459822314,
                -0.21591562761295108,
                -0.4287130596713259
            ],
            [
                0.09002082142706029,
                0.9512726155079915,
                -0.29489244574995066
            ],
            [
                0.47149739479649,
                0.22009884986392358,
                0.8539537914434046
            ]
        ],
        "trans": [
            -0.031169841284031892,
            0.033057214888734074,
            0.03707913330821921
        ]
    }
}