{
    "0": {
        "rot": [
            [
                0.8264704034698664,
                -0.3830425009882931,
                -0.4125405708874072
            ],
            [
                0.2990666069009589,
                0.9195939253851175,
                -0.2547123304030881
            ],
            [
                0.47694169763727,
                0.08712946973508236,
                0.8745877032832491
            ]
        ],
        "trans": [
            -0.04515288617377248,
            0.02773047526884746,
            0.04004661132020573
        ]
    }
}