{
    "0": {
        "rot": [
            [
                0.8998268886813998,
                -0.3680999540758491,
                -0.2341259256187518
            ],
            [
                0.256263998588388,
                0.8803288484116754,
                -0.39917079807172523
            ],
            [
                0.3530434802350827,
                0.2991836032776407,
                0.8864730929673091
            ]
        ],
        "trans": [
            -0.044661355967120314,
            0.03360812430462632,
            0.031227190033218475
        ]
    }
}