{
    "0": {
        "rot": [
            [
                0.9130352174467249,
                -0.3696784496432932,
                -0.17233581671948556
            ],
            [
                0.3167323076999856,
                0.9088250178991568,
                -0.27144801760259674
            ],
            [
                0.2569677096096137,
                0.19325021238106355,
                0.9468891204241813
            ]
        ],
        "trans": [
            -0.020180359789422567,
            0.0466672374112983,
            -0.00011538188173206858
        ]
    }
}