{
    "0": {
        "rot": [
            [
                0.9189402412427116,
                -0.39433224214806195,
                0.005823326040620262
            ],
            [
                0.3863029826803294,
                0.8970865491623984,
                -0.2143512213843732
            ],
            [
                0.07928996630044072,
                0.19921714371124707,
                0.9767234120816365
            ]
        ],
        "trans": [
            -0.009337708263814982,
            0.07413315308872316,
            -0.04716309822951655
        ]
    }
}