{
    "0": {
        "rot": [
            [
                0.977159660346473,
                0.19273115931001308,
                -0.08946140104313267
            ],
            [
                -0.2119335154870383,
                0.9142919486808837,
                -0.3451524655068381
            ],
            [
                0.015272296119611195,
                0.3562282448913621,
                0.934269575355163
            ]
        ],
        "trans": [
            -0.01575399497190586,
            0.052813681445177015,
            0.04747063295458682
        ]
    }
}