{
    "0": {
        "rot": [
            [
                0.9632820105096511,
                0.22454145702829448,
                0.14716917260791654
            ],
            [
                -0.17567412384438152,
                0.9416893325892488,
                -0.28693825388653527
            ],
            [
                -0.20301895235933576,
                0.25055053270075384,
                0.9465728845934808
            ]
        ],
        "trans": [
            -0.013145544669491485,
            0.07182556796106358,
            0.041029951399965583
        ]
    }
}