{
    "0": {
        "rot": [
            [
                0.9480135142694588,
                0.10851189969019694,
                0.2991525080356702
            ],
            [
                0.08375780313463067,
                0.8218335311087803,
                -0.5635291900206805
            ],
            [
                -0.3070057532138054,
                0.5592909930002814,
                0.7700237524612141
            ]
        ],
        "trans": [
            0.007612313786095894,
            0.10386629923299223,
            0.029565278085432703
        ]
    }
}