{
    "0": {
        "rot": [
            [
                0.7198079820555157,
                -0.4204784077887779,
                0.5523264843777521
            ],
            [
                0.5283945416820647,
                0.8478888819182263,
                -0.04312899822333031
            ],
            [
                -0.45018239966375984,
                0.3228968345200856,
                0.832506229641306
            ]
        ],
        "trans": [
            -0.005303782691396507,
            0.17821075429569055,
            0.02133983411705645
        ]
    }
}