{
    "0": {
        "rot": [
            [
                0.8588925479367098,
                0.5099341173529935,
                -0.0475480648260037
            ],
            [
                -0.5045808647225599,
                0.858440876799567,
                0.09189696263428276
            ],
            [
                0.08767705907956205,
                -0.054935285265544226,
                0.9946272273373854
            ]
        ],
        "trans": [
            0.026744826243971495,
            0.12250742556350337,
            0.005611126129309504
        ]
    }
}