{
    "0": {
        "rot": [
            [
                0.8198152560772552,
                -0.40619051559010066,
                0.40358901387335666
            ],
            [
                0.48448303999768594,
                0.867744509458782,
                -0.11077063547257006
            ],
            [
                -0.3052216447248493,
                0.28634469280760694,
                0.908198284096543
            ]
        ],
        "trans": [
            0.024586330465974315,
            0.08874597891117957,
            0.019118682384455056
        ]
    }
}