{
    "0": {
        "rot": [
            [
                0.9988216051774594,
                -0.015564795623619364,
                0.04540319061458575
            ],
            [
                0.02598851370582537,
                0.9707764611767155,
                -0.23851962697922321
            ],
            [
                -0.04037867179469819,
                0.2394253014201794,
                0.9700618666424974
            ]
        ],
        "trans": [
            -0.0022965947152973907,
            0.01720632160073242,
            0.012000353469531011
        ]
    }
}