{
    "0": {
        "rot": [
            [
                0.9957925627344029,
                0.0755603309173251,
                0.05185620243259747
            ],
            [
                -0.08641839539129843,
                0.9625748559540531,
                0.25687620985775195
            ],
            [
                -0.03050534262479099,
                -0.26027631194876016,
                0.9650520685697579
            ]
        ],
        "trans": [
            -0.05280826882575409,
            -0.03255387646611263,
            0.048531188777061994
        ]
    }
}