{
    "0": {
        "rot": [
            [
                0.9905026439730318,
                0.13536392027737768,
                -0.024018366270003304
            ],
            [
                -0.13034595052773135,
                0.9802187012103565,
                0.1489132079409297
            ],
            [
                0.04369982320348777,
                -0.14436793763735437,
                0.9885554121739272
            ]
        ],
        "trans": [
            -0.07109020174304882,
            -0.030595187252738847,
            0.031894607356244796
        ]
    }
}