{
    "0": {
        "rot": [
            [
                0.7723368830350267,
                0.632171570471529,
                0.061871449298171226
            ],
            [
                -0.6088315279973898,
                0.7090351836691331,
                0.35573172155357224
            ],
            [
                0.18100641630618228,
                -0.31241870381228687,
                0.9325305271701659
            ]
        ],
        "trans": [
            -0.06441883882000023,
            -0.0051612818715065425,
            -0.0003929792362656763
        ]
    }
}