{
    "0": {
        "rot": [
            [
                0.9368556723514111,
                0.3453059581428498,
                0.05523811192925781
            ],
            [
                -0.3483097076185381,
                0.9074539529516592,
                0.23491073856050823
            ],
            [
                0.03098703837920054,
                -0.23931813357066153,
                0.9704384993629194
            ]
        ],
        "trans": [
            -0.05311152104823827,
            -0.02316504279499469,
            -0.018764830117850743
        ]
    }
}