{
    "0": {
        "rot": [
            [
                0.9833032254443032,
                0.16792832594213555,
                -0.07003779898265253
            ],
            [
                -0.16104538664571444,
                0.9824105646928559,
                0.09440164423229415
            ],
            [
                0.08465818929516306,
                -0.08154418262917441,
                0.9930649214458831
            ]
        ],
        "trans": [
            -0.0511113730663242,
            -0.06178930393595563,
            -0.029510488508977337
        ]
    }
}