{
    "0": {
        "rot": [
            [
                0.9703724633645795,
                -0.059300550334172454,
                -0.23421563225179812
            ],
            [
                0.11661968077356298,
                0.9639635453539358,
                0.23909310730152677
            ],
            [
                0.2115976246856442,
                -0.2593239257784617,
                0.9423230153527425
            ]
        ],
        "trans": [
            -0.0029067732574516603,
            -0.08454761174760614,
            -0.04146485964002891
        ]
    }
}