{
    "0": {
        "rot": [
            [
                0.8252071077520283,
                -0.22581274832975762,
                -0.517714742271891
            ],
            [
                0.34204382070259537,
                0.929197891799557,
                0.1398894253759688
            ],
            [
                0.44947792431139283,
                -0.29252075821242224,
                0.8440281051959202
            ]
        ],
        "trans": [
            0.008520306818711416,
            -0.15607069202900786,
            -0.016486628707518918
        ]
    }
}