{
    "0": {
        "rot": [
            [
                1.0,
                0.0,
                0.0
            ],
            [
                0.0,
                1.0,
                0.0
            ],
            [
                0.0,
                0.0,
                1.0
            ]
        ],
        "trans": [
            0.0,
            0.0,
            0.0
        ]
    },
    "1": {
        "rot": [
            [
                0.9288850143963168,
                -0.01960748754892764,
                0.36982151016577625
            ],
            [
                -0.2972273713014513,
                0.556199395972192,
                0.7760677903794384
            ],
            [
                -0.22090257943594305,
                -0.8308123341325444,
                0.5108204271117632
            ]
        ],
        "trans": [
            -0.058182738210824626,
            0.08802352185345462,
            0.03191506521648327
        ]
    }
}