{
    "0": {
        "rot": [
            [
                0.9729340939576897,
                0.22679565636641563,
                -0.04416174590984688
            ],
            [
                -0.22866807987756974,
                0.9725392957732127,
                -0.04334016463251915
            ],
            [
                0.033120025106216824,
                0.05226548935591468,
                0.9980794939418801
            ]
        ],
        "trans": [
            -0.17507714738382857,
            0.047208649778035794,
            -0.019952192640163995
        ]
    },
    "1": {
        "rot": [
            [
                0.0573710551474312,
                0.8256647225557571,
                -0.5612013686766217
            ],
            [
                0.012201001872863574,
                0.561520750113657,
                0.8273438220581246
            ],
            [
                0.9982668901616923,
                -0.05432155975573496,
                0.02214193311945432
            ]
        ],
        "trans": [
            -0.05061291413152622,
            -0.020858470489981754,
            0.07226959337892432
        ]
    }
}