{
    "0": {
        "rot": [
            [
                0.9980679887277523,
                -0.007713007677354144,
                0.06142865606724128
            ],
            [
                0.01191650123111543,
                0.9975912723879898,
                -0.06832623082898978
            ],
            [
                -0.060754968471720745,
                0.06892710572943021,
                0.9957636106161725
            ]
        ],
        "trans": [
            -0.138377382275781,
            0.0053494608545994115,
            -0.0034350557544979023
        ]
    },
    "1": {
        "rot": [
            [
                0.4963651457669112,
                0.47263891824569637,
                0.7281580574005128
            ],
            [
                -0.16531028341237428,
                0.8749007919146319,
                -0.45518652607547916
            ],
            [
                -0.8522219989258655,
                0.10557359711569352,
                0.5123963134134274
            ]
        ],
        "trans": [
            -0.00596452549871991,
            -0.03627804520384043,
            0.09044333202513385
        ]
    }
}