{
    "0": {
        "rot": [
            [
                0.9976834884546163,
                0.058531649036819865,
                0.03415055550997865
            ],
            [
                -0.05443071643903638,
                0.9923659513302076,
                -0.11065773280934692
            ],
            [
                -0.040366969261018716,
                0.10854442930830624,
                0.9932666161790698
            ]
        ],
        "trans": [
            -0.12714447856567596,
            -0.003174217872767668,
            -0.01833653286602489
        ]
    },
    "1": {
        "rot": [
            [
                0.9896061850895712,
                0.12387674749580399,
                0.07302711342761858
            ],
            [
                -0.11904826395143361,
                0.9906146138813618,
                -0.06714431755972083
            ],
            [
                -0.0806610656845516,
                0.05775310142785007,
                0.9950660693448714
            ]
        ],
        "trans": [
            -0.002731827890525166,
            -0.009907413875408349,
            0.0073002995724160144
        ]
    }
}