{
    "0": {
        "rot": [
            [
                0.9334623459337847,
                0.34712073701261414,
                0.0901606881884421
            ],
            [
                -0.3490127609753254,
                0.9370897624475374,
                0.005821872333078319
            ],
            [
                -0.08246904777588977,
                -0.0369040763250443,
                0.9959043631506227
            ]
        ],
        "trans": [
            -0.08824688889612978,
            0.05212399853798244,
            -0.029266904448199207
        ]
    },
    "1": {
        "rot": [
            [
                0.8123417541260012,
                0.20625618089294281,
                0.545481972459172
            ],
            [
                0.33237196967783994,
                0.6048344396677966,
                -0.7236655703155179
            ],
            [
                -0.47918620742357326,
                0.7691728218164626,
                0.4227696519268023
            ]
        ],
        "trans": [
            -0.09161871199681089,
            0.004644823989012534,
            0.10623921375119288
        ]
    }
}