{
    "0": {
        "rot": [
            [
                0.9388364149381058,
                0.3050182131250845,
                -0.1597151281820164
            ],
            [
                -0.32200899298870733,
                0.9420412127139763,
                -0.09396336999026694
            ],
            [
                0.12180108020635155,
                0.13965016462283739,
                0.9826693191919001
            ]
        ],
        "trans": [
            -0.068620056532787,
            0.04715499997958834,
            -0.018845876626989572
        ]
    },
    "1": {
        "rot": [
            [
                0.7104927316839915,
                0.5381985797050214,
                0.45334246332732286
            ],
            [
                -0.34835420273834455,
                0.8287670406429523,
                -0.43791974188946475
            ],
            [
                -0.6114196682719499,
                0.1532218579643205,
                0.7763095323524566
            ]
        ],
        "trans": [
            -0.09698554225732535,
            0.037476460828877484,
            0.09178602451981639
        ]
    }
}