{
    "0": {
        "rot": [
            [
                0.9217881921229699,
                0.3860748566640397,
                0.03519543250593512
            ],
            [
                -0.3874373407707037,
                0.9205740726213923,
                0.049271084455113606
            ],
            [
                -0.013377758482398996,
                -0.0590537901727203,
                0.998162743488362
            ]
        ],
        "trans": [
            -0.035751171839589126,
            0.07773345330608707,
            -0.0283914648323193
        ]
    },
    "1": {
        "rot": [
            [
                0.9646103336571497,
                0.2289366635585354,
                0.13074557941788384
            ],
            [
                -0.1923381583707693,
                0.9502853199671493,
                -0.2448536063696607
            ],
            [
                -0.1803151183617541,
                0.21104759804762857,
                0.960691789212986
            ]
        ],
        "trans": [
            0.04218110980147911,
            -0.006844482441798557,
            0.009383601598537619
        ]
    }
}