{
    "0": {
        "rot": [
            [
                0.9563472128729984,
                0.28556747170885666,
                -0.06190533421060129
            ],
            [
                -0.2916769040639069,
                0.9455214858677244,
                -0.14451618568343555
            ],
            [
                0.01726265639870153,
                0.15627082225284988,
                0.9875600293009689
            ]
        ],
        "trans": [
            -0.0011417692959124512,
            0.10704458425602484,
            -0.056695317139629824
        ]
    },
    "1": {
        "rot": [
            [
                0.6687141028169808,
                0.4524832765017933,
                0.5899659671090922
            ],
            [
                0.14560498377152853,
                0.6984346463791781,
                -0.7007010903598161
            ],
            [
                -0.729114696311624,
                0.5544735521288658,
                0.40116627423503476
            ]
        ],
        "trans": [
            0.02172830128488542,
            -0.030266559815892654,
            -0.06399318348646957
        ]
    }
}