{
    "0": {
        "rot": [
            [
                0.8929392432128141,
                -0.04378184067421246,
                0.44801531162752123
            ],
            [
                -0.33590953505539395,
                0.5976808262355788,
                0.7279072020896601
            ],
            [
                -0.29965708730779717,
                -0.8004968373476328,
                0.5190224575817912
            ]
        ],
        "trans": [
            -0.06202113775107569,
            0.1014977694592573,
            -0.11664879667892732
        ]
    },
    "1": {
        "rot": [
            [
                0.9261954012159502,
                0.28164857132721344,
                -0.2506614480361219
            ],
            [
                -0.3105958958823893,
                0.946842247509299,
                -0.08377321637894426
            ],
            [
                0.21373798150020779,
                0.15544814521900793,
                0.9644383375506482
            ]
        ],
        "trans": [
            -0.017976146136559144,
            -0.014940321864544168,
            0.0032164251024023654
        ]
    }
}