{
    "0": {
        "rot": [
            [
                0.9495579836112952,
                0.18273524131911204,
                0.25482356442505927
            ],
            [
                -0.20219224876934266,
                0.977942856675638,
                0.05213646317652227
            ],
            [
                -0.23968024242496777,
                -0.10103104436122075,
                0.9655738517020434
            ]
        ],
        "trans": [
            -0.04832207018999159,
            0.15014539809027896,
            -0.09513291133828623
        ]
    },
    "1": {
        "rot": [
            [
                0.557434832310009,
                0.6614891870337964,
                0.5016817699379329
            ],
            [
                -0.47022553161026065,
                0.7495717600955448,
                -0.4658536706622183
            ],
            [
                -0.684211178161103,
                0.0237818641906446,
                0.7288841685989774
            ]
        ],
        "trans": [
            -0.0401873747383605,
            0.011452530000132122,
            0.0327480821967892
        ]
    }
}