{
    "0": {
        "rot": [
            [
                0.9726355263180086,
                0.2179761426285202,
                0.080332932508752
            ],
            [
                -0.19680768052764216,
                0.9568908996311815,
                -0.2135235429103487
            ],
            [
                -0.12341345467447762,
                0.1918687907691924,
                0.9736256428408937
            ]
        ],
        "trans": [
            -0.06601856797071323,
            0.055497568702922724,
            0.04467794021548042
        ]
    },
    "1": {
        "rot": [
            [
                0.6085645420185488,
                0.454211540196604,
                0.6506336287830631
            ],
            [
                -0.24533833116064652,
                0.8874899747376641,
                -0.39007537909311135
            ],
            [
                -0.7546195053999184,
                0.07776443384510524,
                0.6515277471792967
            ]
        ],
        "trans": [
            -0.02638334878205531,
            -0.04992959436494345,
            0.000738532656845933
        ]
    }
}