{
    "0": {
        "rot": [
            [
                0.9536012753308967,
                0.29920083516211415,
                0.03296657689204385
            ],
            [
                -0.2941669873211572,
                0.9494828299549635,
                -0.10899941260268471
            ],
            [
                -0.0639221383118949,
                0.09422964370952225,
                0.9934784073462823
            ]
        ],
        "trans": [
            -0.07964564827732297,
            -0.09043024369122832,
            0.0403719650628814
        ]
    },
    "1": {
        "rot": [
            [
                0.3887400596465957,
                0.20431576559063894,
                0.8983579934440732
            ],
            [
                0.7654426808919057,
                0.47108456787509867,
                -0.4383381746732878
            ],
            [
                -0.5127814778933619,
                0.8580806654465092,
                0.026723470744486187
            ]
        ],
        "trans": [
            -0.02653338143956199,
            -0.05947355665067628,
            0.011580737348244498
        ]
    }
}