{
    "0": {
        "rot": [
            [
                0.9300823106886288,
                0.17471009834443535,
                -0.3231279395295031
            ],
            [
                -0.27656398359368667,
                0.9119940939098365,
                -0.30293660318230364
            ],
            [
                0.24176303546100747,
                0.37111960541287126,
                0.8965553350653652
            ]
        ],
        "trans": [
            -0.05987911226701836,
            -0.0951102663191448,
            0.012640185386832434
        ]
    },
    "1": {
        "rot": [
            [
                0.8082937483035884,
                0.5334707525535116,
                -0.24906622726053168
            ],
            [
                -0.4391334012094672,
                0.8280648580645119,
                0.3485082610252575
            ],
            [
                0.39217230268282927,
                -0.17232505183749067,
                0.9035986614496266
            ]
        ],
        "trans": [
            -0.0836795298941409,
            0.06396729523723338,
            -0.002038967491782815
        ]
    }
}