{
    "0": {
        "rot": [
            [
                0.7744767922968716,
                0.5354868865767047,
                -0.33676722245116797
            ],
            [
                -0.6094470522572643,
                0.7742944707428348,
                -0.17037697450353945
            ],
            [
                0.16951763140806803,
                0.33718790570255036,
                0.9260401708704191
            ]
        ],
        "trans": [
            -0.02423562812594915,
            -0.09728963051047823,
            -0.01733183351350908
        ]
    },
    "1": {
        "rot": [
            [
                0.9741525315265123,
                0.2120749186042401,
                -0.0776635164674542
            ],
            [
                -0.2105927642245857,
                0.9771894282162349,
                0.027028857988360976
            ],
            [
                0.0816267566372311,
                -0.009972434637681675,
                0.9966063084381211
            ]
        ],
        "trans": [
            -0.018379830942438002,
            -0.015950388213946818,
            0.0699879410795197
        ]
    }
}