{
    "0": {
        "rot": [
            [
                0.5921738894800829,
                0.6644277392557884,
                -0.4558549506893424
            ],
            [
                -0.787414468133013,
                0.5972510924736011,
                -0.1523951081272852
            ],
            [
                0.17099150685659872,
                0.4491941449661326,
                0.8768862173578886
            ]
        ],
        "trans": [
            -0.0029229823931347337,
            -0.13868009700575448,
            -0.04531877658786312
        ]
    },
    "1": {
        "rot": [
            [
                0.980874569392692,
                -0.016752550613551388,
                -0.19375209369597943
            ],
            [
                -0.031326786268595835,
                0.9696256286539863,
                -0.24251561979991024
            ],
            [
                0.19193101624256298,
                0.24395697839515776,
                0.9505915889473486
            ]
        ],
        "trans": [
            -0.04135175601501808,
            -0.0728501906416758,
            0.07144198791508015
        ]
    }
}