{
    "0": {
        "rot": [
            [
                0.9445012090459152,
                0.011631134911122696,
                -0.3282780042307902
            ],
            [
                -0.11360186353902835,
                0.9492629173561727,
                -0.29322748533842186
            ],
            [
                0.3082051800160344,
                0.3142533687049511,
                0.8979094242829351
            ]
        ],
        "trans": [
            -0.025155842547138426,
            0.008948005461219951,
            -0.07853919587361767
        ]
    },
    "1": {
        "rot": [
            [
                0.956830710512725,
                -0.24370802228116706,
                -0.15831933081946098
            ],
            [
                0.27912143250905086,
                0.9223194447724796,
                0.26720255175892355
            ],
            [
                0.08089101199679725,
                -0.2998678737064256,
                0.9505359525063517
            ]
        ],
        "trans": [
            -0.0014018678565904897,
            -0.06741720800815382,
            -0.008106515494505787
        ]
    }
}