{
    "0": {
        "rot": [
            [
                0.6366922296116965,
                0.5345247049111163,
                -0.5557423370531261
            ],
            [
                -0.7154401550468352,
                0.6783382957615552,
                -0.16723173431836
            ],
            [
                0.2875837161543165,
                0.5040840576223171,
                0.8143414571675656
            ]
        ],
        "trans": [
            0.01580099821452511,
            -0.1533870375608726,
            -0.07301319551827068
        ]
    },
    "1": {
        "rot": [
            [
                0.37974294401390507,
                -0.558183292604251,
                -0.7376824233178508
            ],
            [
                0.4470206266890879,
                -0.5874141302010663,
                0.6745819153665678
            ],
            [
                -0.8098995552621684,
                -0.5859304537556072,
                0.026437508310764444
            ]
        ],
        "trans": [
            0.09065314519997421,
            0.0342204184720426,
            0.050014161797674685
        ]
    }
}