{
    "0": {
        "rot": [
            [
                0.8528606175182154,
                0.4160271278731949,
                -0.3154749629401199
            ],
            [
                -0.49699888679405324,
                0.8320283064412963,
                -0.24637789199909232
            ],
            [
                0.15998102624894173,
                0.36691056106560843,
                0.9163850351571101
            ]
        ],
        "trans": [
            0.022574111907502203,
            -0.12495280228253411,
            -0.05487274027974931
        ]
    },
    "1": {
        "rot": [
            [
                0.7550100367167613,
                0.30042331429372715,
                0.5828119925873021
            ],
            [
                -0.6384308391817152,
                0.1343342057785485,
                0.7578421751900577
            ],
            [
                0.14941478932934357,
                -0.9442691001048912,
                0.29322417919799815
            ]
        ],
        "trans": [
            -0.05003179961888766,
            -0.022870016616140763,
            -0.0660184270070675
        ]
    }
}