{
    "0": {
        "rot": [
            [
                0.9146866684002568,
                0.26572456135384576,
                -0.3045102502349495
            ],
            [
                -0.3360123357594244,
                0.9186777840963939,
                -0.20762610810564527
            ],
            [
                0.2245747928040481,
                0.2922206770127479,
                0.9296018337676291
            ]
        ],
        "trans": [
            -0.012033626532894696,
            -0.08153444259091465,
            -0.009270758222150476
        ]
    },
    "1": {
        "rot": [
            [
                0.7578216986327787,
                0.4609590315600056,
                0.4617270618375936
            ],
            [
                -0.6486421840951395,
                0.4560878480750757,
                0.6092882965750482
            ],
            [
                0.07028475557996007,
                -0.7612281712160358,
                0.644640952396603
            ]
        ],
        "trans": [
            -0.09705867702989603,
            -0.02803876431863919,
            -0.028392287562009656
        ]
    }
}