{
    "0": {
        "rot": [
            [
                0.9652012364349111,
                0.18420181806469335,
                -0.18560926254294804
            ],
            [
                -0.21707868232206953,
                0.9601464241852595,
                -0.17599161493207904
            ],
            [
                0.14579794386236386,
                0.21015550440538633,
                0.9667309443350939
            ]
        ],
        "trans": [
            -0.029915630712885322,
            -0.03581727379302932,
            0.017344895376347286
        ]
    },
    "1": {
        "rot": [
            [
                0.7068267247270711,
                0.7029385392793275,
                -0.07893430301470578
            ],
            [
                -0.5550948225301854,
                0.6203890983613539,
                0.5540578077014197
            ],
            [
                0.4384507929090788,
                -0.347809981069985,
                0.8287187226978308
            ]
        ],
        "trans": [
            -0.15099700480772515,
            -0.03249185041318877,
            0.03462184811826151
        ]
    }
}