{
    "0": {
        "rot": [
            [
                0.9906740095795815,
                0.10704416541053095,
                -0.08429425887810521
            ],
            [
                -0.1154791884809173,
                0.9880021748353267,
                -0.10254537736688821
            ],
            [
                0.07230683528339446,
                0.1113238533832442,
                0.9911492459296901
            ]
        ],
        "trans": [
            -0.03847727211579848,
            0.009757914985438888,
            0.019627076537848582
        ]
    },
    "1": {
        "rot": [
            [
                -0.12522436367257755,
                0.9438401938288745,
                -0.30569431542284436
            ],
            [
                -0.631417910059239,
                -0.313484320625589,
                -0.7092371562036797
            ],
            [
                -0.7652508686957852,
                0.10420194684357201,
                0.635230269303322
            ]
        ],
        "trans": [
            -0.14945291633070093,
            -0.0881416815604044,
            -0.10133869628473326
        ]
    }
}