{
    "0": {
        "rot": [
            [
                0.9973460527256636,
                0.05247933720390765,
                -0.05039080367660735
            ],
            [
                -0.05718088600008702,
                0.9936329008370425,
                -0.0970447454367367
            ],
            [
                0.04497741260965473,
                0.09966967188367153,
                0.9940021468099862
            ]
        ],
        "trans": [
            -0.05675375762402048,
            0.05029635247884433,
            0.007998535398759292
        ]
    },
    "1": {
        "rot": [
            [
                0.2240723528414813,
                0.9287910266007349,
                -0.2950665755062671
            ],
            [
                -0.7907734972818118,
                -0.003672541969428301,
                -0.6120795809283236
            ],
            [
                -0.5696008472076325,
                0.3704863571965751,
                0.733673686708298
            ]
        ],
        "trans": [
            -0.11872861332894072,
            -0.052719362004143844,
            -0.20992523289566523
        ]
    }
}