{
    "0": {
        "rot": [
            [
                0.9718588414325726,
                0.21820951265127694,
                -0.08858580972241938
            ],
            [
                -0.2284180906052011,
                0.964942626696222,
                -0.12921589980285472
            ],
            [
                0.05728355659485882,
                0.1458183992085865,
                0.9876449276236058
            ]
        ],
        "trans": [
            -0.07101147602329219,
            0.0848618035343073,
            -0.028259316951404673
        ]
    },
    "1": {
        "rot": [
            [
                0.44815996977796574,
                0.8636877832397253,
                0.23061317973777304
            ],
            [
                -0.892262453248716,
                0.44801595775462555,
                0.056045209232831676
            ],
            [
                -0.05491325888957713,
                -0.23088664341784,
                0.9714274800986996
            ]
        ],
        "trans": [
            -0.17685187021283527,
            -0.06445619410451943,
            0.013250908185534347
        ]
    }
}