{
    "0": {
        "rot": [
            [
                0.9835726062694248,
                0.15438931098488912,
                -0.09341321806939903
            ],
            [
                -0.16786080150402916,
                0.9727718419536306,
                -0.15977975985640946
            ],
            [
                0.06619902702517816,
                0.1728389149478525,
                0.9827173012118573
            ]
        ],
        "trans": [
            -0.0690614380665819,
            0.08409838695096289,
            -0.04619968509352937
        ]
    },
    "1": {
        "rot": [
            [
                0.45263983860779855,
                0.8170405281801506,
                -0.3571144018977421
            ],
            [
                -0.8857302049967103,
                0.36577266120026725,
                -0.285777557924774
            ],
            [
                -0.10286685193650284,
                0.445657478084231,
                0.8892631731563336
            ]
        ],
        "trans": [
            -0.08978243940052134,
            -0.09328551948068968,
            -0.14663272476622133
        ]
    }
}