{
    "0": {
        "rot": [
            [
                0.988222139844564,
                0.1512526156464722,
                -0.023035634195236437
            ],
            [
                -0.15275858183187033,
                0.9670968308091472,
                -0.2034180206581749
            ],
            [
                -0.008490092588294387,
                0.20454243650517703,
                0.9788168273209769
            ]
        ],
        "trans": [
            -0.055947070828917554,
            0.06130642159334955,
            -0.05081029220261853
        ]
    },
    "1": {
        "rot": [
            [
                0.7944579880269823,
                0.5252934279829071,
                -0.3047524999417678
            ],
            [
                -0.39299665849793575,
                0.8272679832098226,
                0.4014630176521318
            ],
            [
                0.4630100783476471,
                -0.19917900887219242,
                0.8636804196548967
            ]
        ],
        "trans": [
            -0.14724807646365334,
            -0.04448275206312812,
            0.038293324511873665
        ]
    }
}