{
    "0": {
        "rot": [
            [
                0.9931503411971968,
                -0.11472770394958169,
                -0.021381408433756084
            ],
            [
                0.10831839775958427,
                0.9743339221157549,
                -0.19728519981654527
            ],
            [
                0.04346351784273605,
                0.19362449678588942,
                0.9801063015975787
            ]
        ],
        "trans": [
            -0.045010209334257194,
            -0.007963422126088289,
            -0.02869552067028648
        ]
    },
    "1": {
        "rot": [
            [
                0.9652383310407292,
                0.027083142449332215,
                0.2598868660792986
            ],
            [
                -0.1539600549162127,
                0.8625891793483824,
                0.4818844504227089
            ],
            [
                -0.21111314027027117,
                -0.5051490328893946,
                0.8367985307197181
            ]
        ],
        "trans": [
            -0.14688626493113244,
            -0.04832158222433069,
            -0.04959178663487156
        ]
    }
}