{
    "0": {
        "rot": [
            [
                0.9578999316737867,
                -0.14057361081251094,
                -0.2503257633820963
            ],
            [
                0.11557330086922021,
                0.9869633082912699,
                -0.11198842960154134
            ],
            [
                0.2628054127706021,
                0.07834271644982779,
                0.9616612743583847
            ]
        ],
        "trans": [
            -0.05061398034488774,
            -0.09841105574766687,
            -0.010766851840903362
        ]
    },
    "1": {
        "rot": [
            [
                0.9888389040376704,
                0.11097862658262468,
                0.09921211404737551
            ],
            [
                -0.14810217741842277,
                0.801172122512104,
                0.5797938800516219
            ],
            [
                -0.015117984148670653,
                -0.5880091928377293,
                0.808689340005923
            ]
        ],
        "trans": [
            -0.12221979554968931,
            -0.05476456436669975,
            -0.03774839773621858
        ]
    }
}