{
    "0": {
        "rot": [
            [
                0.9609603145371529,
                0.1262759192421273,
                -0.24614199803009562
            ],
            [
                -0.15060534146872437,
                0.9851248877109707,
                -0.08261957627904545
            ],
            [
                0.2320482056460268,
                0.11646985344668268,
                0.9657013656472575
            ]
        ],
        "trans": [
            -0.0477524090223755,
            -0.1346458809035159,
            -0.012496784681742567
        ]
    },
    "1": {
        "rot": [
            [
                0.9708686085882315,
                0.2044185347948564,
                -0.12499284893905957
            ],
            [
                -0.18826029038572886,
                0.9735007125236499,
                0.12981392959418506
            ],
            [
                0.14821884011100697,
                -0.10250087416634876,
                0.9836255097930561
            ]
        ],
        "trans": [
            -0.03863637384212733,
            0.0484052047492545,
            0.04401267992821534
        ]
    }
}