{
    "0": {
        "rot": [
            [
                0.9209305955408589,
                0.29933707047508973,
                -0.24954903229404646
            ],
            [
                -0.33485365553409235,
                0.935368852800484,
                -0.11377098882001986
            ],
            [
                0.1993660948446805,
                0.1883406045285676,
                0.9616521530662935
            ]
        ],
        "trans": [
            -0.04239081151039512,
            -0.07669549759433333,
            -0.027486367854320858
        ]
    },
    "1": {
        "rot": [
            [
                0.9630531174810238,
                0.12061272290671018,
                -0.24076745445219078
            ],
            [
                -0.17301793816388408,
                0.9622684932789553,
                -0.2100042671409274
            ],
            [
                0.2063595300969626,
                0.24390446115232717,
                0.9475742100875957
            ]
        ],
        "trans": [
            0.01175870369844622,
            0.08805235325114083,
            0.013921489848788849
        ]
    }
}