{
    "0": {
        "rot": [
            [
                0.9926193646175199,
                -0.03610585722347222,
                -0.11567961471366123
            ],
            [
                0.015424297915186536,
                0.9844000002886294,
                -0.17504188961152634
            ],
            [
                0.12020414512325499,
                0.17197381632071185,
                0.9777263551323815
            ]
        ],
        "trans": [
            -0.042173305049727224,
            0.009492005581716095,
            -0.02406208174588455
        ]
    },
    "1": {
        "rot": [
            [
                0.758113740100305,
                -0.5945015102257992,
                -0.2680086772636386
            ],
            [
                0.4651029732128461,
                0.7809950661472856,
                -0.4167907144047831
            ],
            [
                0.4571028162992703,
                0.1913159784288616,
                0.8685831710696839
            ]
        ],
        "trans": [
            -0.013229569133208089,
            0.1088831048651809,
            0.01935590931035088
        ]
    }
}