{
    "0": {
        "rot": [
            [
                0.9348110716220128,
                -0.20677329228042063,
                -0.28872887808790265
            ],
            [
                0.1689434627185317,
                0.9740278824898277,
                -0.15056624692087414
            ],
            [
                0.312371409820949,
                0.09196854469177743,
                0.9454916960798567
            ]
        ],
        "trans": [
            -0.05374813109940741,
            0.023161838299949587,
            -0.02304014227758891
        ]
    },
    "1": {
        "rot": [
            [
                0.9736456710947914,
                0.2178852891573707,
                -0.06713540317716842
            ],
            [
                -0.16843087986590888,
                0.4888968234965803,
                -0.8559144975767246
            ],
            [
                -0.15365597842641202,
                0.8446564497395529,
                0.5127048118449914
            ]
        ],
        "trans": [
            -0.022534161793818713,
            0.12801634186508676,
            -0.01460936151907402
        ]
    }
}