{
    "0": {
        "rot": [
            [
                0.9523668941296659,
                0.3023700684448755,
                -0.03960987483670002
            ],
            [
                -0.3013686748865708,
                0.9530563265447316,
                0.029336917843886347
            ],
            [
                0.04662147043772354,
                -0.016001633695282097,
                0.998782758875732
            ]
        ],
        "trans": [
            -0.062363613461959455,
            0.008576450146071125,
            -0.006906457029803514
        ]
    },
    "1": {
        "rot": [
            [
                0.9922639338338187,
                0.10670922322155706,
                -0.06329827642832483
            ],
            [
                -0.11628058819219786,
                0.6216737298540507,
                -0.774583007780847
            ],
            [
                -0.043307146349357534,
                0.7759558851606235,
                0.629287557241006
            ]
        ],
        "trans": [
            0.014429126164784383,
            0.18556944204252593,
            -0.019142654649065005
        ]
    }
}