{
    "0": {
        "rot": [
            [
                0.8421052107117726,
                0.4845658743086643,
                -0.23669132859247652
            ],
            [
                -0.4974108805173974,
                0.8674539787325201,
                0.006115633182738783
            ],
            [
                0.20829544094200617,
                0.11258839745170879,
                0.9715492552142627
            ]
        ],
        "trans": [
            -0.11516627897584704,
            -0.03936466439314377,
            -0.01365999133517434
        ]
    },
    "1": {
        "rot": [
            [
                0.9877014007708893,
                0.12265137349693388,
                -0.09686284871064943
            ],
            [
                -0.15595203251553016,
                0.7326374822043775,
                -0.6624750831637555
            ],
            [
                -0.010284964292409701,
                0.6694383359786956,
                0.7427794894959456
            ]
        ],
        "trans": [
            0.061691199014524294,
            0.15251154750700693,
            0.004006469614934395
        ]
    }
}