{
    "0": {
        "rot": [
            [
                0.8453349212150851,
                0.506684015382502,
                -0.1692420210166937
            ],
            [
                -0.5234513964765924,
                0.8488832853612666,
                -0.07320976755806224
            ],
            [
                0.10657616256815242,
                0.1504802058036757,
                0.9828422666571269
            ]
        ],
        "trans": [
            -0.1179209066140073,
            -0.05459027312653848,
            -0.0185717578333212
        ]
    },
    "1": {
        "rot": [
            [
                0.8534187613674044,
                0.48076514749231397,
                0.2013077671788329
            ],
            [
                -0.36652209796780133,
                0.8281712648255323,
                -0.4239910665907862
            ],
            [
                -0.37056249050993406,
                0.28805888933307827,
                0.8829994330950506
            ]
        ],
        "trans": [
            0.09139946515790157,
            0.025018237637693005,
            0.01965071648329134
        ]
    }
}