{
    "0": {
        "rot": [
            [
                0.9428627522996337,
                0.32965300724702196,
                0.048016769192040905
            ],
            [
                -0.3268665812060216,
                0.9433057690468698,
                -0.05741083758676465
            ],
            [
                -0.06421586209064936,
                0.03843738204149497,
                0.997186183554959
            ]
        ],
        "trans": [
            -0.051372490470332856,
            -0.03345771428554424,
            -0.0039013766626867204
        ]
    },
    "1": {
        "rot": [
            [
                0.9853858259179287,
                0.15089761228179757,
                0.07896067830027079
            ],
            [
                -0.12776372100425173,
                0.961553502015507,
                -0.24306330627130582
            ],
            [
                -0.11260097906073241,
                0.22942140726704524,
                0.9667847081408609
            ]
        ],
        "trans": [
            0.07128183289818939,
            -0.03615700545840252,
            0.03394495584037004
        ]
    }
}