{
    "0": {
        "rot": [
            [
                0.9742497323513677,
                0.1721307838002439,
                0.14557190102740938
            ],
            [
                -0.15924667848377025,
                0.9825539474851547,
                -0.09599906738982734
            ],
            [
                -0.1595548423794462,
                0.07034466274820439,
                0.984676423590698
            ]
        ],
        "trans": [
            -0.021594685151089255,
            -0.01575614857525661,
            0.014331617730910094
        ]
    },
    "1": {
        "rot": [
            [
                0.9931072336632777,
                0.03190370691166374,
                0.1127469947402249
            ],
            [
                -0.006264594801420087,
                0.9753030728817927,
                -0.2207420520503826
            ],
            [
                -0.11700123317255191,
                0.21850832818601545,
                0.9687913634071389
            ]
        ],
        "trans": [
            0.007360293342601006,
            -0.08910118806327832,
            0.031194596028423296
        ]
    }
}