{
    "0": {
        "rot": [
            [
                0.9333551031156866,
                0.0900102691117207,
                -0.3474484732657304
            ],
            [
                -0.2501736085592953,
                0.8572465989240694,
                -0.450013661302323
            ],
            [
                0.2573627087470898,
                0.5069425389059975,
                0.8226496591731483
            ]
        ],
        "trans": [
            -0.021373138409529164,
            -0.08694365134559469,
            0.05328858128709966
        ]
    },
    "1": {
        "rot": [
            [
                0.9900415238643143,
                -0.09306174262171102,
                0.10551597719483088
            ],
            [
                0.08083840134246202,
                0.9900874384558275,
                0.11480136121139456
            ],
            [
                -0.11515245374285701,
                -0.10512795794425507,
                0.9877638757209649
            ]
        ],
        "trans": [
            0.00025888704245192356,
            -0.011319304874435263,
            0.013384483483210573
        ]
    }
}