{
    "0": {
        "rot": [
            [
                0.7335397414767246,
                0.28991320596642106,
                -0.6146996887222094
            ],
            [
                0.1760482377727371,
                0.7925338807604333,
                0.5838569855511565
            ],
            [
                0.6564441607163258,
                -0.5365049333433122,
                0.5303157881520986
            ]
        ],
        "trans": [
            -0.042871028264504896,
            -0.05804012479099978,
            0.012866063301380959
        ]
    },
    "1": {
        "rot": [
            [
                0.8323572306386601,
                -0.497353087121133,
                -0.24450574284112364
            ],
            [
                0.5362530996243705,
                0.8341834601296416,
                0.12867548481857594
            ],
            [
                0.13996747237126955,
                -0.2382223257052301,
                0.9610656125912691
            ]
        ],
        "trans": [
            0.02523190190017365,
            0.030636455731981763,
            0.0011922242261312205
        ]
    }
}