{
    "0": {
        "rot": [
            [
                0.5991900936343248,
                0.715691097476176,
                -0.3587675358337144
            ],
            [
                0.652192986201825,
                -0.17645240267449014,
                0.7371872549253342
            ],
            [
                0.46430531103539485,
                -0.675718042131391,
                -0.5725306887017155
            ]
        ],
        "trans": [
            -0.15929698988401852,
            -0.07563335594543279,
            0.11414907800363538
        ]
    },
    "1": {
        "rot": [
            [
                0.7346214183624519,
                -0.5382052190983858,
                -0.41305541778649335
            ],
            [
                0.1255829586861636,
                0.7061678980323239,
                -0.6968079909291118
            ],
            [
                0.6667291412651208,
                0.46002894668350863,
                0.5863671801913065
            ]
        ],
        "trans": [
            0.05346238500670971,
            0.017318603819278175,
            -0.04119384838737095
        ]
    }
}