{
    "0": {
        "rot": [
            [
                0.9772989226244432,
                0.08296330935412839,
                0.19489391883136445
            ],
            [
                -0.0016949376982947299,
                0.9231454526130812,
                -0.3844228528086707
            ],
            [
                -0.21180228433632578,
                0.37535941707267995,
                0.9023414933714397
            ]
        ],
        "trans": [
            -0.13004666761606262,
            0.0011864213754528717,
            0.11956203076403057
        ]
    },
    "1": {
        "rot": [
            [
                0.261729701880034,
                -0.7295518550817784,
                0.6317860918506188
            ],
            [
                0.3160862384071692,
                -0.5537244178272346,
                -0.7703317081663215
            ],
            [
                0.9118943229032208,
                0.4013575674203944,
                0.08567744948464082
            ]
        ],
        "trans": [
            0.08848799427117121,
            -0.027886813479467358,
            -0.1707834484971742
        ]
    }
}