{
    "0": {
        "rot": [
            [
                0.7227564345511355,
                0.5903386306183181,
                -0.3593119811963291
            ],
            [
                -0.6113782654134278,
                0.7885753537860422,
                0.06578532115372843
            ],
            [
                0.3221897290774832,
                0.1721316149441054,
                0.9308864349004494
            ]
        ],
        "trans": [
            -0.1647351793246085,
            0.06264649906360001,
            0.11575423489735587
        ]
    },
    "1": {
        "rot": [
            [
                0.4523718637696942,
                -0.8544361649637098,
                -0.25548263747702393
            ],
            [
                0.39676348838903813,
                0.44937835872667137,
                -0.8003922131781136
            ],
            [
                0.7987044729324887,
                0.2607132464547815,
                0.5423038397834379
            ]
        ],
        "trans": [
            0.023835008144827616,
            -0.015173036327027423,
            -0.031796463109902265
        ]
    }
}