{
    "0": {
        "rot": [
            [
                0.982416592564482,
                0.18514279899092567,
                -0.0239470885907168
            ],
            [
                -0.12399968342494606,
                0.5512965406771596,
                -0.8250250133922828
            ],
            [
                -0.1395438088063223,
                0.8134894116560458,
                0.5645778434770293
            ]
        ],
        "trans": [
            0.003804857584259885,
            -0.06700636907274436,
            0.005601316750841819
        ]
    },
    "1": {
        "rot": [
            [
                0.8870706436443551,
                -0.3471042033514253,
                -0.30432429741109257
            ],
            [
                0.4513643649399422,
                0.7904250177519839,
                0.4141131514829095
            ],
            [
                0.09680477758640194,
                -0.5047114927595193,
                0.8578407992258337
            ]
        ],
        "trans": [
            0.05529597271904962,
            0.003642637347788498,
            -0.03056249913334376
        ]
    }
}