{
    "0": {
        "rot": [
            [
                0.9863215818376645,
                0.007288616033598803,
                0.16463132113933526
            ],
            [
                0.11779001733356441,
                0.6675333266723105,
                -0.7351774339332315
            ],
            [
                -0.11524861517173479,
                0.744514938345685,
                0.6575702986162014
            ]
        ],
        "trans": [
            0.015156678084107061,
            -0.048906883053108786,
            -0.0341677228897838
        ]
    },
    "1": {
        "rot": [
            [
                0.8256424585511802,
                -0.09787810647410654,
                0.5556079343337589
            ],
            [
                -0.3791017755910527,
                0.6330701061529469,
                0.6748954997465414
            ],
            [
                -0.41781215542085964,
                -0.7678617176288138,
                0.4855867082813821
            ]
        ],
        "trans": [
            0.060420277078727255,
            -0.06281155182344816,
            -0.16340331484807655
        ]
    }
}