{
    "0": {
        "rot": [
            [
                0.5402331393010027,
                0.19421163350736523,
                0.8187904685596761
            ],
            [
                0.13873091473331106,
                0.9391183301192477,
                -0.3142762700331303
            ],
            [
                -0.8299933082979639,
                0.28336690576105833,
                0.480416922537996
            ]
        ],
        "trans": [
            -0.025337629268206378,
            -0.08388685761144804,
            -0.03129758651604883
        ]
    },
    "1": {
        "rot": [
            [
                0.9194839078020732,
                -0.3733537074117247,
                -0.12307572767265162
            ],
            [
                0.39300298976798526,
                0.8653571646393478,
                0.3109653908217254
            ],
            [
                -0.009595568632963746,
                -0.33429794611775815,
                0.9424167296073674
            ]
        ],
        "trans": [
            0.06346752687231175,
            -0.0377594166082927,
            -0.02590265346842151
        ]
    }
}