{
    "0": {
        "rot": [
            [
                -0.7643402236337912,
                -0.5052029196673211,
                0.4006442380105932
            ],
            [
                0.5950808666084308,
                -0.791926252609411,
                0.136685002803907
            ],
            [
                0.24821932271711428,
                0.34290139598523695,
                0.905967147914112
            ]
        ],
        "trans": [
            -0.019418422985543984,
            -0.07583613012080702,
            -0.03609405784081489
        ]
    },
    "1": {
        "rot": [
            [
                0.8842052075919057,
                0.3779737649628615,
                -0.27443033714102577
            ],
            [
                -0.46593210505097205,
                0.7550807251619692,
                -0.4612491104186183
            ],
            [
                0.032875646412884235,
                0.5357048980159346,
                0.8437561627975888
            ]
        ],
        "trans": [
            0.03367019497775467,
            -0.1052197737384977,
            -0.07344974334655276
        ]
    }
}