{
    "0": {
        "rot": [
            [
                0.9825415524660882,
                0.14852445898996608,
                0.11203408374716468
            ],
            [
                -0.02327975629573925,
                0.6956261995941116,
                -0.7180189547959368
            ],
            [
                -0.18457827454256778,
                0.7028750585803317,
                0.6869449759993336
            ]
        ],
        "trans": [
            0.005527192889943664,
            -0.0492465904264823,
            -0.020568667449813616
        ]
    },
    "1": {
        "rot": [
            [
                0.960621740871611,
                -0.08858833001627929,
                -0.2633388587203252
            ],
            [
                0.0577638910356921,
                0.9907712724139679,
                -0.12259857826792368
            ],
            [
                0.27177100203375937,
                0.10255853873085491,
                0.9568770682379751
            ]
        ],
        "trans": [
            0.03919560253996551,
            -0.07917431450796136,
            -0.018057312120889804
        ]
    }
}