{
    "0": {
        "rot": [
            [
                0.64118646804223,
                0.3451550923650746,
                0.6853568924994591
            ],
            [
                0.6221286663645587,
                0.2889936379732817,
                -0.7275683297959571
            ],
            [
                -0.44917401945698254,
                0.8929227106721541,
                -0.029461803175739723
            ]
        ],
        "trans": [
            -0.057750680752033885,
            0.044154623913841944,
            0.13867896339495273
        ]
    },
    "1": {
        "rot": [
            [
                0.960050124436102,
                0.27978903553263984,
                -0.0036016791430891195
            ],
            [
                -0.2593258097162362,
                0.8848596249857273,
                -0.3869982426292896
            ],
            [
                -0.10509848447637887,
                0.3724717049189888,
                0.9220617855419617
            ]
        ],
        "trans": [
            0.032933185002455886,
            -0.09619944958365602,
            -0.049104410152946525
        ]
    }
}