{
    "0": {
        "rot": [
            [
                0.7381951379188074,
                -0.04938270126528444,
                0.6727582857383699
            ],
            [
                -0.39033476838870856,
                0.7821097682235885,
                0.48571629872415684
            ],
            [
                -0.5501483099647537,
                -0.6211656079953753,
                0.5580836411217568
            ]
        ],
        "trans": [
            -0.08326038231494862,
            0.04342606653437398,
            0.11476532946924699
        ]
    },
    "1": {
        "rot": [
            [
                0.9408282237934597,
                0.3038081008318458,
                0.15010729047001253
            ],
            [
                -0.2276800093968705,
                0.8948164399492979,
                -0.3840048399392739
            ],
            [
                -0.2509910937338702,
                0.3271062483489688,
                0.9110365756652757
            ]
        ],
        "trans": [
            0.05000770229319006,
            -0.09468277258217622,
            -0.03195081290454848
        ]
    }
}