{
    "0": {
        "rot": [
            [
                0.9423534911185869,
                -0.01300423587695044,
                -0.3342982690897539
            ],
            [
                -0.0787432991163425,
                0.9625159586278382,
                -0.2594621883322101
            ],
            [
                0.32516871933093733,
                0.2708099083796061,
                0.9060253714382737
            ]
        ],
        "trans": [
            -0.09836293428172178,
            0.009146407406603389,
            0.1012160230642411
        ]
    },
    "1": {
        "rot": [
            [
                0.2086834167768002,
                0.977871580824586,
                0.013030524275860282
            ],
            [
                -0.9761460500180812,
                0.2090969971434118,
                -0.058218456074663354
            ],
            [
                -0.05966817955049806,
                -0.0005932157139150293,
                0.9981908610573964
            ]
        ],
        "trans": [
            0.09140170604022696,
            -0.045108125325336146,
            -0.016917309879719428
        ]
    }
}