{
    "0": {
        "rot": [
            [
                0.9895131920381649,
                0.10732161020366843,
                -0.09664222444727931
            ],
            [
                -0.11822359415243422,
                0.9862761035242633,
                -0.11523126926328657
            ],
            [
                0.08295144274364437,
                0.12544699249392455,
                0.9886239645044638
            ]
        ],
        "trans": [
            -0.011509283482489724,
            0.017410519129526382,
            0.02628796605935508
        ]
    },
    "1": {
        "rot": [
            [
                0.6018527751870129,
                0.7759963884826394,
                0.18858829393154825
            ],
            [
                -0.7252850750868355,
                0.6299927678616141,
                -0.2775835611581091
            ],
            [
                -0.334240227715044,
                0.030270245288606747,
                0.9419802986328584
            ]
        ],
        "trans": [
            0.05971059566871434,
            -0.07154475239599413,
            -0.03079642362922675
        ]
    }
}