{
    "0": {
        "rot": [
            [
                0.9007725141639417,
                0.43398700506461396,
                0.01480684527756398
            ],
            [
                -0.16829683670277132,
                0.3175310900255969,
                0.9331744877965247
            ],
            [
                0.40030839388774225,
                -0.8430904198428621,
                0.35906140140643156
            ]
        ],
        "trans": [
            -0.015555228936408502,
            0.026712784569045474,
            0.04490614938174409
        ]
    },
    "1": {
        "rot": [
            [
                -0.27454856525578053,
                -0.7634285697407783,
                0.5845812721040579
            ],
            [
                0.767177360100196,
                -0.5404104674805572,
                -0.34545340473597325
            ],
            [
                0.5796679817974597,
                0.35360895933383035,
                0.734070068573045
            ]
        ],
        "trans": [
            0.015603714942694077,
            -0.032417022372375176,
            0.01916714750210167
        ]
    }
}