{
    "0": {
        "rot": [
            [
                0.9511817424379266,
                -0.13023854063982432,
                -0.279774683596376
            ],
            [
                0.18390079696331663,
                0.9672483177672784,
                0.17493735551644798
            ],
            [
                0.24783593606924273,
                -0.21785453409433336,
                0.9439792667207866
            ]
        ],
        "trans": [
            -0.0007440785441455011,
            0.06009280399373548,
            0.027612842621655167
        ]
    },
    "1": {
        "rot": [
            [
                0.3398676931871614,
                -0.09530711792924687,
                -0.9356170079873409
            ],
            [
                0.3928433070985556,
                0.9182759310343575,
                0.04915736622517755
            ],
            [
                0.8544707940494413,
                -0.3842456098343659,
                0.3495458640459363
            ]
        ],
        "trans": [
            0.0022123620106318264,
            -0.10649094377952245,
            -0.08513922615054209
        ]
    }
}