{
    "0": {
        "rot": [
            [
                0.9283607728466278,
                -0.18464263574211218,
                -0.3225230995228843
            ],
            [
                0.016391237085443988,
                0.8873055980494893,
                -0.46084622808768805
            ],
            [
                0.3712825071834015,
                0.42252095752338775,
                0.8267802786876546
            ]
        ],
        "trans": [
            -0.07719481506096583,
            0.016374844749003428,
            0.05263203116664928
        ]
    },
    "1": {
        "rot": [
            [
                0.21960310716043727,
                -0.8443539377958146,
                0.48859298967865433
            ],
            [
                0.6479318420293135,
                -0.2481810717028114,
                -0.7200984477933856
            ],
            [
                0.7293037329690861,
                0.47477600682551185,
                0.49256729295829277
            ]
        ],
        "trans": [
            0.007156439760451207,
            -0.11296041058757852,
            -0.0772294966623401
        ]
    }
}