{
    "0": {
        "rot": [
            [
                0.9468080285625912,
                -0.11260828088660867,
                -0.30143002282534764
            ],
            [
                -0.08274483340809444,
                0.8200358367467798,
                -0.5662794571440587
            ],
            [
                0.3109601839131996,
                0.5610808430223811,
                0.7671073667017496
            ]
        ],
        "trans": [
            -0.06960394571615933,
            -0.0016222730553212743,
            0.038166311194920546
        ]
    },
    "1": {
        "rot": [
            [
                0.5024679669570074,
                0.18607404412667725,
                -0.8443098273999646
            ],
            [
                0.19408696092861136,
                0.9273462930230097,
                0.3198639187045811
            ],
            [
                0.8424911211828707,
                -0.32458502544173595,
                0.42987437805427675
            ]
        ],
        "trans": [
            0.0626005863573288,
            -0.08876178329398135,
            -0.0022067846478560317
        ]
    }
}