{
    "0": {
        "rot": [
            [
                0.9973791902452411,
                0.0716701744676324,
                0.009493798273898168
            ],
            [
                -0.05359664656244544,
                0.8211417727911402,
                -0.5681850468345913
            ],
            [
                -0.04851652221731544,
                0.566180962024519,
                0.8228406360773375
            ]
        ],
        "trans": [
            -0.042286400237873424,
            0.01008242194172222,
            0.048727236035756634
        ]
    },
    "1": {
        "rot": [
            [
                0.9836387805605182,
                -0.06205264118736821,
                -0.16906034326327316
            ],
            [
                0.014512619390511093,
                0.9629953409442389,
                -0.26908977565089653
            ],
            [
                0.17948614629619558,
                0.2622415908246056,
                0.9481487110007356
            ]
        ],
        "trans": [
            0.04213557583974689,
            -0.0974887541579165,
            -0.0454471956564286
        ]
    }
}