{
    "0": {
        "rot": [
            [
                0.9855331959959415,
                0.10598587839520525,
                -0.13220695488252032
            ],
            [
                -0.14254798601155005,
                0.9403906406239,
                -0.3087180603830906
            ],
            [
                0.09160937072799227,
                0.3230843043409801,
                0.9419142519253116
            ]
        ],
        "trans": [
            0.026158356915485372,
            0.05550147976023613,
            0.06401203641571171
        ]
    },
    "1": {
        "rot": [
            [
                0.18186052060082566,
                -0.8188194515104386,
                0.5443925811281679
            ],
            [
                0.8692925780065294,
                0.39262320225620895,
                0.30016820286461854
            ],
            [
                -0.45950807871028687,
                0.4186998996524257,
                0.783224171778562
            ]
        ],
        "trans": [
            0.018557753191131836,
            -0.09433049552238941,
            -0.12616714250498653
        ]
    }
}