{
    "0": {
        "rot": [
            [
                0.9776465194766061,
                0.1312937850956546,
                -0.16413627284034826
            ],
            [
                -0.1696950203782102,
                0.9537759631252672,
                -0.24782949748809438
            ],
            [
                0.12401838656102405,
                0.27012227531461025,
                0.9547812859764039
            ]
        ],
        "trans": [
            0.04019434503586223,
            0.09190676731015389,
            0.050540930030106825
        ]
    },
    "1": {
        "rot": [
            [
                0.8221004428322264,
                -0.29306064026040274,
                -0.4880853760410581
            ],
            [
                0.16844441415545394,
                0.9441287148927701,
                -0.283201386831474
            ],
            [
                0.5438233418710717,
                0.15062324375227662,
                0.8255566918621005
            ]
        ],
        "trans": [
            0.06486970177900295,
            -0.07001933777240463,
            -0.058135520144667066
        ]
    }
}