{
    "0": {
        "rot": [
            [
                0.9777685499961103,
                0.15175150723434397,
                -0.14467528223134302
            ],
            [
                -0.17573975966952482,
                0.9694987580609156,
                -0.17076451900402925
            ],
            [
                0.11435011963278038,
                0.19238849212160883,
                0.9746283137606713
            ]
        ],
        "trans": [
            0.0027553697544971906,
            0.048255144663255485,
            0.045363962268615915
        ]
    },
    "1": {
        "rot": [
            [
                0.8748038377143997,
                0.08645746942552887,
                -0.4766801535375251
            ],
            [
                -0.33352083785410525,
                0.821094252445071,
                -0.4631883612311871
            ],
            [
                0.3513591403010742,
                0.5641890934975567,
                0.7471454555401952
            ]
        ],
        "trans": [
            0.05141976604264448,
            -0.01784996695614587,
            -0.055143472956970266
        ]
    }
}