{
    "0": {
        "rot": [
            [
                0.9893054479698888,
                -0.12954765008274002,
                -0.06695505675148586
            ],
            [
                0.11538525695459599,
                0.9761700007143767,
                -0.18376091504055353
            ],
            [
                0.08916417128369365,
                0.17407350440781336,
                0.9806848328473552
            ]
        ],
        "trans": [
            -0.05126968127250896,
            -0.011802204586419451,
            0.04044336049850574
        ]
    },
    "1": {
        "rot": [
            [
                0.9808541074540862,
                -0.0991361709334281,
                -0.16756459468311038
            ],
            [
                0.1613147348391276,
                0.8957348037657762,
                0.41427656904263105
            ],
            [
                0.10902474631926551,
                -0.433380495816723,
                0.8945882608448787
            ]
        ],
        "trans": [
            0.021828038823523986,
            0.05150377187827686,
            -0.019312902909442143
        ]
    }
}