{
    "0": {
        "rot": [
            [
                0.819167748086108,
                -0.5715590996656404,
                0.04747450020012903
            ],
            [
                0.555815210981134,
                0.7707693020573116,
                -0.3113731120018568
            ],
            [
                0.14138034797782825,
                0.2814605874812655,
                0.949092783951197
            ]
        ],
        "trans": [
            -0.04746907115609763,
            -0.0062545329542079324,
            0.029992875554439587
        ]
    },
    "1": {
        "rot": [
            [
                0.9817222660047082,
                0.18122475998302104,
                0.05798727423824291
            ],
            [
                -0.1723993764562761,
                0.9761579622673127,
                -0.13179584085964022
            ],
            [
                -0.08048883885888376,
                0.11938976985441034,
                0.9895790416211542
            ]
        ],
        "trans": [
            -0.02421308944335885,
            0.016593749088723603,
            -0.011336758250845378
        ]
    }
}