{
    "0": {
        "rot": [
            [
                0.8203304991255859,
                -0.5705492320390545,
                -0.03851247402405696
            ],
            [
                0.5618548019796262,
                0.8167307117682311,
                -0.13121304686572346
            ],
            [
                0.10632907328066289,
                0.08600023521654972,
                0.9905941627317024
            ]
        ],
        "trans": [
            0.030691247701486235,
            0.04303671917057962,
            0.033780661344202996
        ]
    },
    "1": {
        "rot": [
            [
                0.9788488092912608,
                0.16374680215569626,
                0.12249486170669945
            ],
            [
                -0.18394790090442062,
                0.9667211182836899,
                0.17775893347790037
            ],
            [
                -0.08930911065409057,
                -0.196534655656193,
                0.9764130011700907
            ]
        ],
        "trans": [
            -0.01598506858715594,
            0.04495720162474641,
            -0.004280971137993009
        ]
    }
}