{
    "0": {
        "rot": [
            [
                0.965573752526192,
                0.18311186927675824,
                0.18466364533543259
            ],
            [
                -0.12319071740808672,
                0.947368158765859,
                -0.29538850321911064
            ],
            [
                -0.22904340466760217,
                0.26248903533735485,
                0.9373438149057134
            ]
        ],
        "trans": [
            0.08453975714931218,
            0.08061768653431198,
            -0.06254310377975042
        ]
    },
    "1": {
        "rot": [
            [
                0.8917137220360287,
                -0.39947700420254956,
                0.21262055898228885
            ],
            [
                0.3325607789231937,
                0.8970894385928554,
                0.2908831569147801
            ],
            [
                -0.3069461807722907,
                -0.18868529727914898,
                0.9328228475303845
            ]
        ],
        "trans": [
            0.0375832669639173,
            0.01949052774849202,
            -0.006026888477511383
        ]
    }
}