{
    "0": {
        "rot": [
            [
                0.8081276594791393,
                0.5889698596833016,
                0.0063242333859828016
            ],
            [
                -0.5866002650180344,
                0.8057488402417301,
                -0.08158385007656938
            ],
            [
                -0.053147636576760006,
                0.06222068203958472,
                0.9966450296079363
            ]
        ],
        "trans": [
            0.05762473301165017,
            0.11452274883570988,
            0.025251170995813563
        ]
    },
    "1": {
        "rot": [
            [
                0.7618940656107727,
                -0.6085000630492361,
                0.22187416559775647
            ],
            [
                0.5567058623075963,
                0.7903191876727036,
                0.2558567476080476
            ],
            [
                -0.3310423581082584,
                -0.07141691491779624,
                0.9409040674609017
            ]
        ],
        "trans": [
            0.0737527575661603,
            0.004732923823986692,
            0.00142968866241498
        ]
    }
}