{
    "0": {
        "rot": [
            [
                0.8366150401733966,
                0.5477633363380565,
                0.004935988072508138
            ],
            [
                -0.5453587087007422,
                0.8320298207647868,
                0.10144413795605814
            ],
            [
                0.05145974864108962,
                -0.08756277241433144,
                0.9948258006687452
            ]
        ],
        "trans": [
            0.0420845817774707,
            0.00020757801681855548,
            0.030113152684469104
        ]
    },
    "1": {
        "rot": [
            [
                0.9979154477979005,
                -0.004173253074873667,
                -0.06425574526213446
            ],
            [
                -0.004779937398856393,
                0.990310906953121,
                -0.13873898849564095
            ],
            [
                0.06421365188319582,
                0.13875804884841955,
                0.9882402569999392
            ]
        ],
        "trans": [
            0.013439397038398358,
            -0.015154534400638586,
            -0.019996715026957844
        ]
    }
}