{
    "0": {
        "rot": [
            [
                0.8879153980300958,
                0.19558309761485024,
                0.4163355842228302
            ],
            [
                -0.36350459284671977,
                0.8529441409715164,
                0.37457064604442464
            ],
            [
                -0.2818592160811885,
                -0.4839375426997348,
                0.8284569286244237
            ]
        ],
        "trans": [
            0.032690332073513885,
            -0.08319844831966297,
            0.029470984193328435
        ]
    },
    "1": {
        "rot": [
            [
                0.9992846932963995,
                -0.037552849046097424,
                0.0014933092181629618
            ],
            [
                0.037404077972685405,
                0.9975422876424354,
                0.05919044594021962
            ],
            [
                -0.003712066843416042,
                -0.059092750314350434,
                0.9982427337759385
            ]
        ],
        "trans": [
            -0.0320067505456769,
            -0.009268366194287152,
            -0.004815879671376539
        ]
    }
}