{
    "0": {
        "rot": [
            [
                0.9406933857205021,
                0.33254027715571743,
                -0.06697004711536358
            ],
            [
                -0.33217557589166197,
                0.9430426676068557,
                0.016996919814847685
            ],
            [
                0.06881213625297491,
                0.006267900668016518,
                0.9975988136243317
            ]
        ],
        "trans": [
            -0.02794488599245417,
            -0.09616989013879751,
            0.0295013401039622
        ]
    },
    "1": {
        "rot": [
            [
                0.9786793727441824,
                0.13441348920813478,
                0.1552564817724609
            ],
            [
                -0.14009944332832455,
                0.98978783415003,
                0.02623930040614023
            ],
            [
                -0.15014483753295066,
                -0.04743076992444737,
                0.9875221810522865
            ]
        ],
        "trans": [
            -0.03634247234465829,
            -0.015308111848362343,
            -0.007715592393821231
        ]
    }
}