{
    "0": {
        "rot": [
            [
                0.979127873217116,
                -0.20262486401855911,
                -0.015653274268262123
            ],
            [
                0.19937748853521084,
                0.9726598026549769,
                -0.11905614146899111
            ],
            [
                0.03935081610362705,
                0.11345225979755744,
                0.9927621865344096
            ]
        ],
        "trans": [
            -0.018038255135692693,
            -0.08208612189687715,
            -0.01790491375019707
        ]
    },
    "1": {
        "rot": [
            [
                0.9707412845787314,
                0.1185504207249811,
                0.20871999948849945
            ],
            [
                -0.1329157401107919,
                0.9895281203624215,
                0.05619457921118853
            ],
            [
                -0.19987379141177272,
                -0.08229305510410007,
                0.9763523029904924
            ]
        ],
        "trans": [
            -0.024620866394209316,
            -0.04042085357822572,
            -0.005082365977507154
        ]
    }
}