{
    "0": {
        "rot": [
            [
                0.9321632813593972,
                0.33012543703599945,
                -0.14846404796131854
            ],
            [
                -0.3549578545847168,
                0.9139551938144791,
                -0.1965472768031218
            ],
            [
                0.07082048739107163,
                0.2359128974883132,
                0.9691751158486397
            ]
        ],
        "trans": [
            0.05089905009840949,
            -0.18424574507132527,
            -0.0930813254591316
        ]
    },
    "1": {
        "rot": [
            [
                0.9592626433528035,
                0.08506383079024248,
                0.26923531184549954
            ],
            [
                -0.19992856944611775,
                0.877905295445905,
                0.435069026362974
            ],
            [
                -0.19935866632789967,
                -0.4711932134755819,
                0.8591842814505755
            ]
        ],
        "trans": [
            0.0026517639423259375,
            -0.03596277808943468,
            0.009808703255221644
        ]
    }
}