{
    "0": {
        "rot": [
            [
                1.0,
                0.0,
                0.0
            ],
            [
                0.0,
                1.0,
                0.0
            ],
            [
                0.0,
                0.0,
                1.0
            ]
        ],
        "trans": [
            0.0,
            0.0,
            0.0
        ]
    },
    "1": {
        "rot": [
            [
                0.9168450327159444,
                0.3863611182125661,
                0.10049526175443783
            ],
            [
                -0.38190173411725015,
                0.9221765562841489,
                -0.06107146043433198
            ],
            [
                -0.11627037678379933,
                0.017613874147930725,
                0.9930594774705892
            ]
        ],
        "trans": [
            0.02866839736088014,
            -0.04435593660062409,
            -0.009248639981034335
        ]
    }
}