{
    "0": {
        "rot": [
            [
                -0.004701345814010173,
                0.9974291777046562,
                0.07125987721097665
            ],
            [
                -0.694706238624293,
                0.04798018733967593,
                -0.7176729157706728
            ],
            [
                -0.719270087926753,
                -0.0528678916996941,
                0.6927072637776561
            ]
        ],
        "trans": [
            -0.000583905651423784,
            -0.1514411542258157,
            -0.0479217506386433
        ]
    },
    "1": {
        "rot": [
            [
                0.8819157732560833,
                0.47135623474803623,
                -0.005550532833249057
            ],
            [
                -0.47137462226838067,
                0.8817955594257062,
                -0.015022517278077989
            ],
            [
                -0.0021862295692065548,
                0.01586513571900428,
                0.9998712705431666
            ]
        ],
        "trans": [
            0.023665993983172894,
            -0.03386964707281552,
            -0.009118574272970978
        ]
    }
}