{
    "0": {
        "rot": [
            [
                0.26666305255846956,
                0.5436569716262921,
                -0.795806721837302
            ],
            [
                -0.049974057752737874,
                0.8323842926821309,
                0.5519179697309186
            ],
            [
                0.9624873170196454,
                -0.10740642853301395,
                0.24914193686329306
            ]
        ],
        "trans": [
            0.01395614822346958,
            -0.06608213220625453,
            -0.07151079112548953
        ]
    },
    "1": {
        "rot": [
            [
                0.9973180355083325,
                0.03395119800166194,
                0.06483465863966478
            ],
            [
                -0.03821240743429125,
                0.9971136537157697,
                0.06563050364790293
            ],
            [
                -0.06241937338300526,
                -0.0679322030376405,
                0.9957355790209066
            ]
        ],
        "trans": [
            -0.02166562348179068,
            -0.018262660294623305,
            -0.020123284608012784
        ]
    }
}