{
    "0": {
        "rot": [
            [
                0.714751672347787,
                -0.4177078039300526,
                0.5609142510205478
            ],
            [
                0.6259981612554567,
                0.7397245325594402,
                -0.24679453028821782
            ],
            [
                -0.3118402186315903,
                0.5275319127306732,
                0.7902235047188079
            ]
        ],
        "trans": [
            0.0009600118916994637,
            -0.09892350247315167,
            -0.035368670139710776
        ]
    },
    "1": {
        "rot": [
            [
                0.9829566901532737,
                -0.17759936425181547,
                0.04739851867725736
            ],
            [
                0.17968316371543994,
                0.9827328922472006,
                -0.04405590321515617
            ],
            [
                -0.03875671398899129,
                0.051821941799075975,
                0.997903121629814
            ]
        ],
        "trans": [
            -0.09063518936110701,
            -0.01961192958484577,
            -0.02190292367494495
        ]
    }
}