{
    "0": {
        "rot": [
            [
                0.29132227365523594,
                0.9338209396029701,
                0.20756622430617694
            ],
            [
                -0.9375509420191184,
                0.3218103074193672,
                -0.1319847170638921
            ],
            [
                -0.1900517166519574,
                -0.15614689306563456,
                0.9692708385370468
            ]
        ],
        "trans": [
            -0.001501887030248067,
            -0.11899605089770571,
            -0.029890836418931387
        ]
    },
    "1": {
        "rot": [
            [
                0.9977994910655704,
                -0.02939723397631557,
                0.059371922628753494
            ],
            [
                0.026595910085310502,
                0.9985182812406652,
                0.047386274093896924
            ],
            [
                -0.06067740856797715,
                -0.045703453459399405,
                0.9971079092598083
            ]
        ],
        "trans": [
            -0.05063311767723791,
            -0.025193317404524414,
            -0.014473890608734533
        ]
    }
}