{
    "0": {
        "rot": [
            [
                0.8753291195318749,
                -0.13036241752325967,
                0.4656096088956128
            ],
            [
                0.36101508398658444,
                0.8167872248888473,
                -0.44999054744942335
            ],
            [
                -0.32164690245261784,
                0.5619853068723305,
                0.7620412669901773
            ]
        ],
        "trans": [
            0.003617354368838668,
            -0.11837692620960356,
            -0.03460328053500422
        ]
    },
    "1": {
        "rot": [
            [
                0.9973640014078572,
                0.010021982781806214,
                0.07186356303464192
            ],
            [
                -0.010107938235813773,
                0.9999445585410965,
                0.0008367975652017666
            ],
            [
                -0.07185090871872746,
                -0.0015609345565133334,
                0.997412817613546
            ]
        ],
        "trans": [
            -0.01292473171738087,
            -0.007648492003651765,
            -0.015903668795046517
        ]
    }
}