{
    "0": {
        "rot": [
            [
                0.733525166319324,
                0.5505990380291489,
                -0.3984477116844577
            ],
            [
                -0.6226784880765872,
                0.7793730918542751,
                -0.06929894613062103
            ],
            [
                0.27239130207406437,
                0.2989502749326381,
                0.9145604345547518
            ]
        ],
        "trans": [
            0.012515586018192084,
            -0.06891227808224527,
            0.019491323534741666
        ]
    },
    "1": {
        "rot": [
            [
                0.9998671839143849,
                -0.009570507407188296,
                0.013111320625678768
            ],
            [
                0.00888059176635761,
                0.9986239884083732,
                0.051652724489116696
            ],
            [
                -0.013587622484676057,
                -0.051529415855826974,
                0.9985792269963383
            ]
        ],
        "trans": [
            -0.01024862900312435,
            0.013248794368232421,
            -0.02409379664528229
        ]
    }
}