{
    "0": {
        "rot": [
            [
                0.8103243705994573,
                -0.5311449966531466,
                0.24747258823020926
            ],
            [
                0.5831501737820499,
                0.6897056445502837,
                -0.4291678595421587
            ],
            [
                0.05725951085315762,
                0.49208688491191627,
                0.8686487714394822
            ]
        ],
        "trans": [
            0.055799887335588556,
            -0.004515116494648326,
            0.009603282623163891
        ]
    },
    "1": {
        "rot": [
            [
                0.9987066364738271,
                -0.04930425425221976,
                -0.011510048319496433
            ],
            [
                0.04890170890837253,
                0.9982789238691714,
                -0.032179330173600584
            ],
            [
                0.013077277211349998,
                0.0315756770502028,
                0.9994155280859929
            ]
        ],
        "trans": [
            -0.012752725807128874,
            0.016195973969286494,
            -0.02418506533627245
        ]
    }
}