{
    "0": {
        "rot": [
            [
                0.7503627160634114,
                -0.46880286008789196,
                0.46601447535903884
            ],
            [
                0.6609820193294214,
                0.5256255375017497,
                -0.5355333630799309
            ],
            [
                0.00610808862311805,
                0.7098819348870855,
                0.704288076805255
            ]
        ],
        "trans": [
            0.016000137562078638,
            -0.0023500284128039626,
            0.011449490571296381
        ]
    },
    "1": {
        "rot": [
            [
                0.8211938799480473,
                -0.5704504981262275,
                0.013174211930306932
            ],
            [
                0.5487321176838352,
                0.7832172500533998,
                -0.2923097492248822
            ],
            [
                0.1564346028558002,
                0.24727993320812441,
                0.9562215256641513
            ]
        ],
        "trans": [
            -0.025842896683876883,
            0.00952838550958085,
            -0.022516856103421527
        ]
    }
}