{
    "0": {
        "rot": [
            [
                0.7300663563287542,
                -0.5771050848434929,
                0.36596552039570074
            ],
            [
                0.6828755495951606,
                0.596117774845105,
                -0.4222330243069938
            ],
            [
                0.025507773952643552,
                0.5581775279937164,
                0.8293175514979375
            ]
        ],
        "trans": [
            -0.054380736041938264,
            -0.010035513469719141,
            0.014464576522116926
        ]
    },
    "1": {
        "rot": [
            [
                0.878265751919355,
                -0.47736315255293477,
                -0.026957870222758636
            ],
            [
                0.41398782270795964,
                0.7874656392974911,
                -0.4566214160164452
            ],
            [
                0.23920753273802908,
                0.3898825771050602,
                0.8892413528596845
            ]
        ],
        "trans": [
            -0.01654214836035784,
            0.010931561741957935,
            -0.02304919693361684
        ]
    }
}