{
    "0": {
        "rot": [
            [
                0.9887040339794674,
                0.11562559791113308,
                0.09528582676971463
            ],
            [
                -0.09895898130816508,
                0.981448311835605,
                -0.16418362714627283
            ],
            [
                -0.11250036834162346,
                0.15290330863374824,
                0.9818120890810659
            ]
        ],
        "trans": [
            -0.08706452156413572,
            -0.029077230470219418,
            0.02879566870212952
        ]
    },
    "1": {
        "rot": [
            [
                0.9426814919304949,
                -0.3323147986139719,
                -0.029018936074775094
            ],
            [
                0.28971751276272373,
                0.8588035689785006,
                -0.42247923153986133
            ],
            [
                0.16532197459732206,
                0.3898728267999828,
                0.9058911625819343
            ]
        ],
        "trans": [
            0.008997125107679284,
            0.02239407543914147,
            -0.029225921956423748
        ]
    }
}