{
    "0": {
        "rot": [
            [
                0.8764278507375384,
                -0.4738269737383056,
                0.08565156913669651
            ],
            [
                0.47804948257333374,
                0.8350892548355512,
                -0.2721384731490209
            ],
            [
                0.05741676602636422,
                0.27946232159524786,
                0.9584316715129072
            ]
        ],
        "trans": [
            -0.0003529106208031356,
            -0.0046318315773860915,
            0.02851130850600506
        ]
    },
    "1": {
        "rot": [
            [
                0.9983543312612716,
                -0.05659040850498015,
                0.008191033055078178
            ],
            [
                0.057021667674437254,
                0.9751304968602175,
                -0.21415620361243165
            ],
            [
                0.004130918736943697,
                0.21427277509270923,
                0.9767611196608391
            ]
        ],
        "trans": [
            0.04343841775343377,
            0.05058150662936782,
            -0.026854707797310334
        ]
    }
}