{
    "0": {
        "rot": [
            [
                0.8060367347049388,
                -0.5905359626093213,
                -0.039198091562014835
            ],
            [
                0.5877543506011753,
                0.806504752805819,
                -0.06377073275161188
            ],
            [
                0.06927473404928965,
                0.028368553110789483,
                0.9971856340236607
            ]
        ],
        "trans": [
            0.05846162722893925,
            0.00936807628329038,
            0.029067084377449898
        ]
    },
    "1": {
        "rot": [
            [
                0.9755528174934172,
                0.21958699929319658,
                -0.00861115121217057
            ],
            [
                -0.2182462752752167,
                0.9635010267475178,
                -0.15503680566196013
            ],
            [
                -0.025746913783468963,
                0.15312437963766057,
                0.987869465848446
            ]
        ],
        "trans": [
            0.0868638798347072,
            0.06178044953464953,
            -0.021424581992118625
        ]
    }
}