{
    "0": {
        "rot": [
            [
                0.8543715156969038,
                -0.5105102888319701,
                -0.09690765372609116
            ],
            [
                0.5121508914472913,
                0.8588385321637311,
                -0.00895577864738572
            ],
            [
                0.08780598504783427,
                -0.04198119205454144,
                0.9952438572351145
            ]
        ],
        "trans": [
            0.03352072702200843,
            0.0212628302102654,
            0.021106337772313674
        ]
    },
    "1": {
        "rot": [
            [
                0.9915730469054539,
                0.10436323368565292,
                -0.07669593061863328
            ],
            [
                -0.11573546845365414,
                0.9798112207477551,
                -0.16301256036648948
            ],
            [
                0.058134668792947465,
                0.17051570154325876,
                0.9836372719346694
            ]
        ],
        "trans": [
            0.09258068937091396,
            0.05464599251776173,
            -0.028013464415767186
        ]
    }
}