{
    "0": {
        "rot": [
            [
                0.9225560617883665,
                -0.38486309834644744,
                0.027216995544414032
            ],
            [
                0.3794937555840761,
                0.892458306662409,
                -0.24390838499246462
            ],
            [
                0.06958373627744775,
                0.2353526317831179,
                0.9694114189276877
            ]
        ],
        "trans": [
            -0.006203630189142389,
            0.008682731164109973,
            0.025661817374202783
        ]
    },
    "1": {
        "rot": [
            [
                0.9034434136414945,
                0.42563307654864385,
                0.05120272761941825
            ],
            [
                -0.4286621096361156,
                0.8953955835824832,
                0.12045767049807335
            ],
            [
                0.005422841012669782,
                -0.13077541825120942,
                0.9913948672050786
            ]
        ],
        "trans": [
            0.03673487591525434,
            0.09376532648466754,
            -0.027897534359985283
        ]
    }
}