{
    "0": {
        "rot": [
            [
                0.9858543551385627,
                -0.15745869762635442,
                -0.05736347166859324
            ],
            [
                0.15682496897924258,
                0.9875048470228697,
                -0.015380328656745332
            ],
            [
                0.0590678411182388,
                0.00616793449595039,
                0.9982330712070543
            ]
        ],
        "trans": [
            -0.01231081785740371,
            0.02713846651353519,
            0.024535981421035944
        ]
    },
    "1": {
        "rot": [
            [
                0.8444123197298553,
                0.5261916741934217,
                -0.10038016224313057
            ],
            [
                -0.5153766458310023,
                0.8491250920601463,
                0.11558352512056172
            ],
            [
                0.146053319884804,
                -0.04586590587010218,
                0.9882115929732496
            ]
        ],
        "trans": [
            0.022707952658559512,
            0.09779224049794914,
            -0.018854157791789443
        ]
    }
}