{
    "0": {
        "rot": [
            [
                0.9956453283621038,
                -0.08378922362470849,
                -0.0407331135335532
            ],
            [
                0.07885845382538069,
                0.9907536964432692,
                -0.11036436947009723
            ],
            [
                0.0496025412366862,
                0.10667317303579324,
                0.9930514591043453
            ]
        ],
        "trans": [
            0.018976491266176475,
            0.04642406826698303,
            0.024877350777648338
        ]
    },
    "1": {
        "rot": [
            [
                0.8419510400202938,
                0.24517953430873296,
                -0.4806190360082403
            ],
            [
                -0.30563505262783236,
                0.950811866638125,
                -0.050379688776534974
            ],
            [
                0.44462801991208617,
                0.18931461539784067,
                0.8754783770075873
            ]
        ],
        "trans": [
            0.0166305807492046,
            0.004875111297801191,
            -0.015884509428013307
        ]
    }
}