{
    "0": {
        "rot": [
            [
                0.9972819485748358,
                -0.07288603365264912,
                0.008228919646755394
            ],
            [
                0.07312316984886837,
                0.9966532885160904,
                -0.03637529019209174
            ],
            [
                -0.005549943064102356,
                0.03688252592483249,
                0.999297451713536
            ]
        ],
        "trans": [
            0.009798150493482873,
            0.06428675090883065,
            0.013401181382301005
        ]
    }
}