{
    "0": {
        "rot": [
            [
                0.9714276943746227,
                -0.2364078959405463,
                0.020122691577379986
            ],
            [
                0.23665072181072416,
                0.9594948285876914,
                -0.15277426649019452
            ],
            [
                0.016804031790440044,
                0.15317253223589952,
                0.9880498046504425
            ]
        ],
        "trans": [
            -0.003902238718741678,
            0.046735746068713745,
            0.027765787227321898
        ]
    }
}