{
    "0": {
        "rot": [
            [
                0.9741690322867832,
                0.027659714807528525,
                -0.22409772781806986
            ],
            [
                -0.08045310358180807,
                0.9698478581989316,
                -0.23000543062761727
            ],
            [
                0.21097781462408438,
                0.24209200311437912,
                0.9470313998326763
            ]
        ],
        "trans": [
            -0.017771407616829448,
            0.023759544436376852,
            0.027091935458126448
        ]
    }
}