{
    "0": {
        "rot": [
            [
                0.9651341651586005,
                -0.2591244747658623,
                -0.03675870525880251
            ],
            [
                0.25635956584322384,
                0.964285803796657,
                -0.06641514333645111
            ],
            [
                0.05265375214172426,
                0.05467200104910768,
                0.9971110101744532
            ]
        ],
        "trans": [
            0.004380536024391977,
            0.028820055802604105,
            0.03210999254091331
        ]
    }
}