{
    "0": {
        "rot": [
            [
                0.9876839428163475,
                -0.14762903749617387,
                0.051650810234695
            ],
            [
                0.1460164421747206,
                0.9887037402915849,
                0.03358101521697181
            ],
            [
                -0.056026404989627285,
                -0.025628718171007665,
                0.998097090203864
            ]
        ],
        "trans": [
            0.020612098337346205,
            0.029081437779000272,
            0.03366108670797666
        ]
    }
}