{
    "0": {
        "rot": [
            [
                0.9102875787087503,
                -0.35141151938545784,
                -0.2188033167940544
            ],
            [
                0.2913691198741325,
                0.9193545820157722,
                -0.2643320582762652
            ],
            [
                0.29404833932885016,
                0.17686742877306863,
                0.9392791078652722
            ]
        ],
        "trans": [
            0.025935642523728333,
            0.038033979186159354,
            0.043018757055011514
        ]
    }
}