{
    "0": {
        "rot": [
            [
                0.9018230720356931,
                0.2200082231403459,
                -0.37189000245891457
            ],
            [
                -0.25889507766998227,
                0.9641884216397939,
                -0.05739074638333268
            ],
            [
                0.34594574241228976,
                0.14803545441234991,
                0.926496653224116
            ]
        ],
        "trans": [
            0.00389330222500691,
            0.016152356752523668,
            0.05440024192656898
        ]
    }
}