{
    "0": {
        "rot": [
            [
                0.5775921429286713,
                0.8154818001771439,
                -0.0370318191941693
            ],
            [
                -0.8163105680370738,
                0.5767555073040375,
                -0.03133393156849373
            ],
            [
                -0.00419990921437037,
                0.048325039844877744,
                0.9988204393090861
            ]
        ],
        "trans": [
            0.0006974694226159169,
            -0.018654998390653002,
            0.033923846044413695
        ]
    }
}