{
    "0": {
        "rot": [
            [
                0.8195193539404122,
                0.558779577202612,
                0.12705906795685598
            ],
            [
                -0.5568665416214955,
                0.8288716142925029,
                -0.0534749421581517
            ],
            [
                -0.13519947650337247,
                -0.026932438281765548,
                0.9904477210856838
            ]
        ],
        "trans": [
            -0.015541931708105255,
            -0.0026315319426655896,
            0.022130237233440035
        ]
    }
}