{
    "0": {
        "rot": [
            [
                0.9571509011035563,
                0.16975983524205496,
                -0.2345813528616733
            ],
            [
                -0.2003315379337033,
                0.9731560515454892,
                -0.11311132503920147
            ],
            [
                0.2090833889077524,
                0.1552569985196439,
                0.9654878101019596
            ]
        ],
        "trans": [
            -0.02267106361340182,
            0.0238215713579223,
            0.04852628037298768
        ]
    }
}