{
    "0": {
        "rot": [
            [
                0.8677370035089336,
                0.4864281645322505,
                0.10205773713740314
            ],
            [
                -0.478574925944023,
                0.8731455590731422,
                -0.09258880895491622
            ],
            [
                -0.13415209782709805,
                0.031500458843005126,
                0.9904583109362403
            ]
        ],
        "trans": [
            0.06817983822190546,
            0.024270296814500804,
            0.02652294863283272
        ]
    }
}