{
    "0": {
        "rot": [
            [
                0.7206142633440629,
                0.64858193222198,
                0.24505322906658183
            ],
            [
                -0.6158026180551104,
                0.7611279020375304,
                -0.20362061543795262
            ],
            [
                -0.31858407851513715,
                -0.004172825896375373,
                0.9478823881470408
            ]
        ],
        "trans": [
            0.17372157411303601,
            0.05692786619074557,
            0.04057221460924703
        ]
    }
}