{
    "0": {
        "rot": [
            [
                0.5279612005176791,
                0.7084803821522322,
                0.46828387876826605
            ],
            [
                -0.6610716952312906,
                0.6889878404237658,
                -0.2970626357370016
            ],
            [
                -0.5331075208667642,
                -0.15273961780504455,
                0.8321330620420649
            ]
        ],
        "trans": [
            0.1957498924961387,
            0.01518456077495137,
            0.037484796466780976
        ]
    }
}