{
    "0": {
        "rot": [
            [
                0.8625553677503416,
                0.4369145776585082,
                -0.25513787045529246
            ],
            [
                -0.4602979677764572,
                0.8869680399783304,
                -0.03725118401734467
            ],
            [
                0.21002631652948678,
                0.14957296233214626,
                0.9661825698159969
            ]
        ],
        "trans": [
            0.13281539337030698,
            -0.034246503426639936,
            0.04958187901249702
        ]
    }
}