{
    "0": {
        "rot": [
            [
                0.9203163919998445,
                0.2861177903915223,
                0.26672636935744304
            ],
            [
                -0.3009168881006648,
                0.9535086894390553,
                0.015473750188162466
            ],
            [
                -0.24990500575176144,
                -0.09450578753781294,
                0.9636417844994789
            ]
        ],
        "trans": [
            0.09880832020910842,
            -0.03522930616194331,
            0.03164347055577551
        ]
    }
}