{
    "0": {
        "rot": [
            [
                0.47572264254243185,
                -0.2849921539451137,
                -0.8321054097910068
            ],
            [
                -0.49537813758340615,
                0.6948611429512697,
                -0.5212304386661724
            ],
            [
                0.7268033309771372,
                0.6601739933054235,
                0.18937880345379643
            ]
        ],
        "trans": [
            0.0434380496987651,
            0.034642829279998164,
            0.108264666802104
        ]
    }
}