{
    "0": {
        "rot": [
            [
                0.9659340808212086,
                -0.24246249384288876,
                0.09033658236128109
            ],
            [
                0.2555353750439435,
                0.9487295197338264,
                -0.1858811892490128
            ],
            [
                -0.04062922585147162,
                0.20263398975520489,
                0.9784025859216309
            ]
        ],
        "trans": [
            -0.006604760397467491,
            0.0553400480739624,
            0.05725964947247508
        ]
    }
}