{
    "0": {
        "rot": [
            [
                0.7801738014531886,
                -0.6235671747562325,
                0.049893521273179496
            ],
            [
                0.48300959453010467,
                0.5497839355400267,
                -0.681472442553029
            ],
            [
                0.39752366779375375,
                0.5557742493574268,
                0.7301264995505549
            ]
        ],
        "trans": [
            -0.034180720348880984,
            0.02579081893274075,
            -0.016517896758894184
        ]
    }
}