{
    "0": {
        "rot": [
            [
                0.9669822406599056,
                -0.14186344640147447,
                0.21165540546269182
            ],
            [
                0.21649393857927776,
                0.8954881748215948,
                -0.38881261332981853
            ],
            [
                -0.1343724052850991,
                0.4218035872523479,
                0.8966648913507611
            ]
        ],
        "trans": [
            -0.07508648470975363,
            0.02420365545843776,
            -0.04094194444727559
        ]
    }
}