{
    "0": {
        "rot": [
            [
                0.7789232796511527,
                -0.4146083286476288,
                -0.4704857597552161
            ],
            [
                0.20932422617064803,
                0.8791174673231718,
                -0.42815466707640476
            ],
            [
                0.5911495736573317,
                0.2350130006745471,
                0.7715445868355264
            ]
        ],
        "trans": [
            -0.0873069328279363,
            0.12699845629065787,
            -0.05802336804763481
        ]
    }
}