{
    "0": {
        "rot": [
            [
                0.294917692114336,
                0.7613888521403197,
                0.5773179410847441
            ],
            [
                -0.9344259847958756,
                0.35602716105618526,
                0.00781072865414696
            ],
            [
                -0.19960087010689284,
                -0.5417725576299487,
                0.8164717176309617
            ]
        ],
        "trans": [
            0.034446549977781626,
            0.1033910541801373,
            -0.1180921950032398
        ]
    }
}