{
    "0": {
        "rot": [
            [
                0.41102190272114414,
                0.856251460302828,
                0.3128632388339487
            ],
            [
                -0.8225039102042586,
                0.4963132331988869,
                -0.2777348109941259
            ],
            [
                -0.39308719967488653,
                -0.1431803935332932,
                0.9082767452266195
            ]
        ],
        "trans": [
            0.04732907999509109,
            0.08401173929807088,
            -0.11315743728807194
        ]
    }
}