{
    "0": {
        "rot": [
            [
                0.702417031256143,
                0.1266420550330581,
                -0.7003524002943484
            ],
            [
                -0.2588165535471384,
                0.9621094547706158,
                -0.08559365955963923
            ],
            [
                0.6629886255709703,
                0.24140043523581967,
                0.7086153198116715
            ]
        ],
        "trans": [
            0.14438769757327707,
            0.17012391003558933,
            -0.19502963460810385
        ]
    }
}