{
    "0": {
        "rot": [
            [
                -0.5821396302821044,
                -0.6585518568554928,
                -0.4768528846620969
            ],
            [
                0.8083191439586902,
                -0.4054672584956212,
                -0.42684350270704263
            ],
            [
                0.08775632964103303,
                -0.6339409177202743,
                0.7683780278229476
            ]
        ],
        "trans": [
            -0.07189380446884643,
            0.07719030264734497,
            0.05106286107057424
        ]
    }
}