{
    "0": {
        "rot": [
            [
                0.8648759319953175,
                0.18809196349061508,
                0.46539133793425697
            ],
            [
                0.10394501117894647,
                0.8399106436110934,
                -0.5326492024714161
            ],
            [
                -0.49107918349003354,
                0.5090640296374946,
                0.7068759822841545
            ]
        ],
        "trans": [
            0.16787560431113938,
            0.045503410854284845,
            -0.0204310439158677
        ]
    }
}