{
    "0": {
        "rot": [
            [
                0.03418081244841275,
                -0.5517002046572569,
                -0.8333201741375246
            ],
            [
                0.590180065802607,
                0.6840200371949026,
                -0.4286359822339827
            ],
            [
                0.806519167744529,
                -0.4771732852951717,
                0.34900410079250366
            ]
        ],
        "trans": [
            -0.0027351279680013453,
            0.08672495124903253,
            0.03970502180375012
        ]
    }
}