{
    "0": {
        "rot": [
            [
                0.4937866076069271,
                -0.5821144690770377,
                -0.6459747579000298
            ],
            [
                0.014378826445027644,
                0.748212208988479,
                -0.6632703923882433
            ],
            [
                0.8694438191505176,
                0.3182460729601097,
                0.3778313930361518
            ]
        ],
        "trans": [
            0.032895694049895965,
            0.039709852134670064,
            -0.04888981483042364
        ]
    }
}