{
    "0": {
        "rot": [
            [
                0.804671804483428,
                -0.591826689844954,
                -0.047282562148796496
            ],
            [
                0.5082299989997807,
                0.6454518947314237,
                0.5701627673176266
            ],
            [
                -0.3069243115685087,
                -0.4828204022963954,
                0.8201663616860841
            ]
        ],
        "trans": [
            0.09927503997151955,
            0.18319308959970831,
            -0.008998480706025075
        ]
    }
}