{
    "0": {
        "rot": [
            [
                [
                    0.7004384398460388,
                    -0.4040910601615906,
                    0.5882998704910278
                ],
                [
                    0.21237236261367798,
                    0.9049484729766846,
                    0.36873671412467957
                ],
                [
                    -0.681384265422821,
                    -0.13333861529827118,
                    0.7196781039237976
                ]
            ]
        ],
        "trans": [
            [
                0.18075302243232727,
                0.0826922059059143,
                -0.06284312903881073
            ]
        ]
    },
    "1": {
        "rot": [
            [
                [
                    0.952008068561554,
                    -0.09214288741350174,
                    -0.2918749451637268
                ],
                [
                    0.0538753867149353,
                    0.9891679286956787,
                    -0.13654831051826477
                ],
                [
                    0.30129513144493103,
                    0.11427032202482224,
                    0.9466592073440552
                ]
            ]
        ],
        "trans": [
            [
                -0.013494174927473068,
                0.027764838188886642,
                0.02485177479684353
            ]
        ]
    }
}