{
    "0": {
        "rot": [
            [
                [
                    0.9608920812606812,
                    -0.1084255576133728,
                    0.2548138499259949
                ],
                [
                    0.045322202146053314,
                    0.969329297542572,
                    0.24155005812644958
                ],
                [
                    -0.2731887400150299,
                    -0.220554918050766,
                    0.9363351464271545
                ]
            ]
        ],
        "trans": [
            [
                0.17266282439231873,
                0.04605279117822647,
                0.051248740404844284
            ]
        ]
    },
    "1": {
        "rot": [
            [
                [
                    0.9700935482978821,
                    -0.13625511527061462,
                    -0.20088210701942444
                ],
                [
                    0.12365654855966568,
                    0.9895586967468262,
                    -0.07404367625713348
                ],
                [
                    0.20887356996536255,
                    0.046988848596811295,
                    0.9768130779266357
                ]
            ]
        ],
        "trans": [
            [
                0.04517481476068497,
                0.028843197971582413,
                0.05728153511881828
            ]
        ]
    }
}