{
    "0": {
        "rot": [
            [
                [
                    0.9602116346359253,
                    -0.1216038167476654,
                    0.25140947103500366
                ],
                [
                    0.048938386142253876,
                    0.9595601558685303,
                    0.27721714973449707
                ],
                [
                    -0.27495306730270386,
                    -0.2538835406303406,
                    0.927331805229187
                ]
            ]
        ],
        "trans": [
            [
                0.14206400513648987,
                0.06285664439201355,
                0.03251642361283302
            ]
        ]
    },
    "1": {
        "rot": [
            [
                [
                    0.9916727542877197,
                    -0.12499887496232986,
                    -0.030979249626398087
                ],
                [
                    0.1233195960521698,
                    0.9910441040992737,
                    -0.05121894180774689
                ],
                [
                    0.037104129791259766,
                    0.04697209596633911,
                    0.9982067942619324
                ]
            ]
        ],
        "trans": [
            [
                0.07456475496292114,
                0.016753287985920906,
                0.06063950061798096
            ]
        ]
    }
}