{
    "0": {
        "rot": [
            [
                [
                    0.9548936486244202,
                    -0.12360159307718277,
                    0.27000147104263306
                ],
                [
                    0.0449838787317276,
                    0.9589719772338867,
                    0.2799087464809418
                ],
                [
                    -0.2935211956501007,
                    -0.2551373541355133,
                    0.9212765097618103
                ]
            ]
        ],
        "trans": [
            [
                0.12801411747932434,
                0.08244889229536057,
                0.03665560483932495
            ]
        ]
    },
    "1": {
        "rot": [
            [
                [
                    0.9973029494285583,
                    -0.06139916554093361,
                    -0.040214043110609055
                ],
                [
                    0.05701038986444473,
                    0.9931050539016724,
                    -0.1024288684129715
                ],
                [
                    0.04622580111026764,
                    0.09985989332199097,
                    0.9939272403717041
                ]
            ]
        ],
        "trans": [
            [
                0.07947429269552231,
                -0.0026718713343143463,
                0.06633663177490234
            ]
        ]
    }
}