{
    "0": {
        "rot": [
            [
                [
                    0.9643933176994324,
                    -0.06711414456367493,
                    0.2558133900165558
                ],
                [
                    0.04743667319417,
                    0.995474636554718,
                    0.0823366641998291
                ],
                [
                    -0.26018184423446655,
                    -0.06727008521556854,
                    0.9632135033607483
                ]
            ]
        ],
        "trans": [
            [
                0.11764746159315109,
                0.05239260196685791,
                0.07088518142700195
            ]
        ]
    },
    "1": {
        "rot": [
            [
                [
                    0.9961178302764893,
                    -0.06197649613022804,
                    -0.06252506375312805
                ],
                [
                    0.049997035413980484,
                    0.9828197956085205,
                    -0.1776657998561859
                ],
                [
                    0.07246183604001999,
                    0.17384985089302063,
                    0.9821026921272278
                ]
            ]
        ],
        "trans": [
            [
                0.09089210629463196,
                -0.008515555411577225,
                0.05832919478416443
            ]
        ]
    }
}