{
    "0": {
        "rot": [
            [
                [
                    0.94623863697052,
                    -0.05777638405561447,
                    0.31826844811439514
                ],
                [
                    0.05266882851719856,
                    0.9983081221580505,
                    0.024637550115585327
                ],
                [
                    -0.31915339827537537,
                    -0.006550133228302002,
                    0.9476805329322815
                ]
            ]
        ],
        "trans": [
            [
                0.10568375885486603,
                0.03929964080452919,
                0.06225021183490753
            ]
        ]
    },
    "1": {
        "rot": [
            [
                [
                    0.9948863983154297,
                    -0.03843807801604271,
                    -0.09340318292379379
                ],
                [
                    0.025538433343172073,
                    0.9904388189315796,
                    -0.1355699598789215
                ],
                [
                    0.09772112965583801,
                    0.13249139487743378,
                    0.9863551259040833
                ]
            ]
        ],
        "trans": [
            [
                0.08834411203861237,
                -0.014995861798524857,
                0.06627151370048523
            ]
        ]
    }
}