{
    "0": {
        "rot": [
            [
                [
                    0.9738593697547913,
                    -0.05317852273583412,
                    0.2208378165960312
                ],
                [
                    0.042530499398708344,
                    0.9977045655250549,
                    0.052699267864227295
                ],
                [
                    -0.22313329577445984,
                    -0.04192933440208435,
                    0.9738857746124268
                ]
            ]
        ],
        "trans": [
            [
                0.09036573022603989,
                0.028304390609264374,
                0.07565487921237946
            ]
        ]
    },
    "1": {
        "rot": [
            [
                [
                    0.9985092878341675,
                    -0.02543964609503746,
                    -0.048297688364982605
                ],
                [
                    0.027731887996196747,
                    0.9984911680221558,
                    0.047389477491378784
                ],
                [
                    0.04701921343803406,
                    -0.04865826666355133,
                    0.997708261013031
                ]
            ]
        ],
        "trans": [
            [
                0.10050124675035477,
                -0.02436414361000061,
                0.0689108595252037
            ]
        ]
    }
}