{
    "0": {
        "rot": [
            [
                [
                    0.9840678572654724,
                    -0.06478237360715866,
                    0.1655694842338562
                ],
                [
                    0.07245729863643646,
                    0.9965388178825378,
                    -0.04073786735534668
                ],
                [
                    -0.16235743463039398,
                    0.05208541452884674,
                    0.9853564500808716
                ]
            ]
        ],
        "trans": [
            [
                0.07391780614852905,
                0.01590869203209877,
                0.10915002226829529
            ]
        ]
    },
    "1": {
        "rot": [
            [
                [
                    0.999758780002594,
                    -0.01031933631747961,
                    -0.01940774917602539
                ],
                [
                    0.011870165355503559,
                    0.9965971112251282,
                    0.08156994730234146
                ],
                [
                    0.0184999480843544,
                    -0.0817805677652359,
                    0.9964786767959595
                ]
            ]
        ],
        "trans": [
            [
                0.10113577544689178,
                -0.02348155900835991,
                0.06379998475313187
            ]
        ]
    }
}