{
    "0": {
        "rot": [
            [
                [
                    0.9950408339500427,
                    -0.034288905560970306,
                    0.09337037056684494
                ],
                [
                    0.03759673237800598,
                    0.99871826171875,
                    -0.03389693796634674
                ],
                [
                    -0.09208837151527405,
                    0.0372394323348999,
                    0.9950543642044067
                ]
            ]
        ],
        "trans": [
            [
                0.06897754222154617,
                -0.019720669835805893,
                0.12887334823608398
            ]
        ]
    },
    "1": {
        "rot": [
            [
                [
                    0.9997097253799438,
                    -0.024041857570409775,
                    0.0015650540590286255
                ],
                [
                    0.02404339239001274,
                    0.9997103214263916,
                    -0.0010049492120742798
                ],
                [
                    -0.0015404075384140015,
                    0.0010422468185424805,
                    0.9999982118606567
                ]
            ]
        ],
        "trans": [
            [
                0.09710629284381866,
                -0.009819556027650833,
                0.06702078878879547
            ]
        ]
    }
}