{
    "0": {
        "rot": [
            [
                [
                    0.9829756617546082,
                    -0.07499881088733673,
                    0.16773247718811035
                ],
                [
                    0.04338282346725464,
                    0.9818244576454163,
                    0.18476766347885132
                ],
                [
                    -0.1785411834716797,
                    -0.17434526979923248,
                    0.9683629870414734
                ]
            ]
        ],
        "trans": [
            [
                0.09613554179668427,
                -0.02221713773906231,
                0.12565362453460693
            ]
        ]
    },
    "1": {
        "rot": [
            [
                [
                    0.9959911704063416,
                    -0.04571351036429405,
                    -0.07689286768436432
                ],
                [
                    0.03627965599298477,
                    0.9921231269836426,
                    -0.11989874392747879
                ],
                [
                    0.08176818490028381,
                    0.11662838608026505,
                    0.9898040294647217
                ]
            ]
        ],
        "trans": [
            [
                0.08076343685388565,
                -0.004340823739767075,
                0.08605524897575378
            ]
        ]
    }
}