{
    "0": {
        "rot": [
            [
                [
                    0.9845824241638184,
                    -0.0022485784720629454,
                    0.17490927875041962
                ],
                [
                    -0.037390634417533875,
                    0.974101185798645,
                    0.22299855947494507
                ],
                [
                    -0.17088089883327484,
                    -0.22610034048557281,
                    0.9589987397193909
                ]
            ]
        ],
        "trans": [
            [
                0.117527075111866,
                -0.03555868938565254,
                0.08668676763772964
            ]
        ]
    },
    "1": {
        "rot": [
            [
                [
                    0.9933620095252991,
                    -0.06623999774456024,
                    -0.09404663741588593
                ],
                [
                    0.055404432117938995,
                    0.9919936656951904,
                    -0.11348487436771393
                ],
                [
                    0.1008109301328659,
                    0.10752086341381073,
                    0.9890785813331604
                ]
            ]
        ],
        "trans": [
            [
                0.06794323027133942,
                0.017955154180526733,
                0.10481549799442291
            ]
        ]
    }
}