{
    "0": {
        "rot": [
            [
                [
                    0.9722346663475037,
                    0.10630708932876587,
                    0.20846636593341827
                ],
                [
                    -0.0885716900229454,
                    0.9917500615119934,
                    -0.09266525506973267
                ],
                [
                    -0.21659749746322632,
                    0.0716281607747078,
                    0.973629891872406
                ]
            ]
        ],
        "trans": [
            [
                0.10593102872371674,
                -0.0013058148324489594,
                0.06485551595687866
            ]
        ]
    },
    "1": {
        "rot": [
            [
                [
                    0.991068422794342,
                    -0.055195122957229614,
                    -0.12138758599758148
                ],
                [
                    0.04272404685616493,
                    0.9937591552734375,
                    -0.10304227471351624
                ],
                [
                    0.1263173222541809,
                    0.09693591296672821,
                    0.9872423410415649
                ]
            ]
        ],
        "trans": [
            [
                0.055338211357593536,
                0.02643805369734764,
                0.11554011702537537
            ]
        ]
    }
}