{
    "0": {
        "rot": [
            [
                [
                    0.9351446628570557,
                    0.15252290666103363,
                    0.3197501301765442
                ],
                [
                    -0.13639681041240692,
                    0.988006591796875,
                    -0.07237797975540161
                ],
                [
                    -0.3269546627998352,
                    0.024070987477898598,
                    0.9447332620620728
                ]
            ]
        ],
        "trans": [
            [
                0.07291991263628006,
                -0.02236110530793667,
                0.04835721105337143
            ]
        ]
    },
    "1": {
        "rot": [
            [
                [
                    0.9717406034469604,
                    -0.0034615781623870134,
                    -0.23602527379989624
                ],
                [
                    -0.024652665480971336,
                    0.9929360151290894,
                    -0.11606340855360031
                ],
                [
                    0.23475991189479828,
                    0.11860237270593643,
                    0.9647908210754395
                ]
            ]
        ],
        "trans": [
            [
                -0.002742411568760872,
                0.05097326636314392,
                0.1086922213435173
            ]
        ]
    }
}