{
    "0": {
        "rot": [
            [
                [
                    0.8909333944320679,
                    0.17546261847019196,
                    0.4188670516014099
                ],
                [
                    -0.13049627840518951,
                    0.9823598265647888,
                    -0.13394172489643097
                ],
                [
                    -0.4349798560142517,
                    0.06467252969741821,
                    0.8981146812438965
                ]
            ]
        ],
        "trans": [
            [
                0.030450470745563507,
                -0.022553781047463417,
                0.04214447736740112
            ]
        ]
    },
    "1": {
        "rot": [
            [
                [
                    0.9777281880378723,
                    0.04837137088179588,
                    -0.20422814786434174
                ],
                [
                    -0.03916090354323387,
                    0.9980352520942688,
                    0.04890330135822296
                ],
                [
                    0.20619258284568787,
                    -0.039816513657569885,
                    0.9777011275291443
                ]
            ]
        ],
        "trans": [
            [
                -0.04262445867061615,
                0.0706072449684143,
                0.08278889954090118
            ]
        ]
    }
}