{
    "0": {
        "rot": [
            [
                [
                    0.9017429351806641,
                    0.11928979307413101,
                    0.4154881238937378
                ],
                [
                    -0.09262921661138535,
                    0.9921658635139465,
                    -0.08382349461317062
                ],
                [
                    -0.422232449054718,
                    0.037100911140441895,
                    0.9057280421257019
                ]
            ]
        ],
        "trans": [
            [
                0.017173612490296364,
                -0.0013741664588451385,
                0.05958041921257973
            ]
        ]
    },
    "1": {
        "rot": [
            [
                [
                    0.9945563077926636,
                    -6.0318907344480976e-05,
                    -0.10419799387454987
                ],
                [
                    0.025309106335043907,
                    0.9701921939849854,
                    0.24101096391677856
                ],
                [
                    0.10107769817113876,
                    -0.2423361986875534,
                    0.9649128913879395
                ]
            ]
        ],
        "trans": [
            [
                -0.03422967717051506,
                0.0938243567943573,
                0.0666186511516571
            ]
        ]
    }
}