{
    "0": {
        "rot": [
            [
                [
                    0.9189954996109009,
                    0.13641813397407532,
                    0.3699173927307129
                ],
                [
                    -0.11160200089216232,
                    0.9898675680160522,
                    -0.08778867870569229
                ],
                [
                    -0.37814533710479736,
                    0.03939393162727356,
                    0.9249077439308167
                ]
            ]
        ],
        "trans": [
            [
                0.0057272762060165405,
                -0.018251053988933563,
                0.06221077963709831
            ]
        ]
    },
    "1": {
        "rot": [
            [
                [
                    0.9996896982192993,
                    -0.01930716447532177,
                    0.015766162425279617
                ],
                [
                    0.015867585316300392,
                    0.9807044863700867,
                    0.19485197961330414
                ],
                [
                    -0.01922406442463398,
                    -0.19454127550125122,
                    0.9807060956954956
                ]
            ]
        ],
        "trans": [
            [
                -0.03306401148438454,
                0.07374803721904755,
                0.07958617061376572
            ]
        ]
    }
}