{
    "0": {
        "rot": [
            [
                [
                    0.9464157223701477,
                    0.10650885850191116,
                    0.30488139390945435
                ],
                [
                    -0.09951679408550262,
                    0.9942940473556519,
                    -0.03843056038022041
                ],
                [
                    -0.30723467469215393,
                    0.006030377000570297,
                    0.9516146779060364
                ]
            ]
        ],
        "trans": [
            [
                0.010726448148488998,
                -0.009703617542982101,
                0.08573532104492188
            ]
        ]
    },
    "1": {
        "rot": [
            [
                [
                    0.9515047073364258,
                    -0.06625549495220184,
                    0.3004123270511627
                ],
                [
                    -0.09803799539804459,
                    0.860307514667511,
                    0.5002596378326416
                ],
                [
                    -0.2915918231010437,
                    -0.5054515600204468,
                    0.812091588973999
                ]
            ]
        ],
        "trans": [
            [
                -0.04417950659990311,
                -0.03223375976085663,
                0.060698509216308594
            ]
        ]
    }
}