{
    "0": {
        "rot": [
            [
                [
                    0.9213619828224182,
                    0.12337289750576019,
                    0.3686063587665558
                ],
                [
                    -0.12611716985702515,
                    0.9918736219406128,
                    -0.016740813851356506
                ],
                [
                    -0.36767661571502686,
                    -0.03106313943862915,
                    0.9294348359107971
                ]
            ]
        ],
        "trans": [
            [
                0.02665022388100624,
                -0.01487567089498043,
                0.08378630131483078
            ]
        ]
    },
    "1": {
        "rot": [
            [
                [
                    0.9652831554412842,
                    0.0010448135435581207,
                    0.26120448112487793
                ],
                [
                    -0.09861751645803452,
                    0.9274412989616394,
                    0.36073216795921326
                ],
                [
                    -0.2418748289346695,
                    -0.3739679455757141,
                    0.8953461050987244
                ]
            ]
        ],
        "trans": [
            [
                -0.028348827734589577,
                -0.08722324669361115,
                0.02959880605340004
            ]
        ]
    }
}