{
    "0": {
        "rot": [
            [
                [
                    0.8978950381278992,
                    0.13645623624324799,
                    0.4185241460800171
                ],
                [
                    -0.12537233531475067,
                    0.9906381368637085,
                    -0.05401729419827461
                ],
                [
                    -0.42197689414024353,
                    -0.003969526384025812,
                    0.9065977931022644
                ]
            ]
        ],
        "trans": [
            [
                0.05165249481797218,
                -0.01746068149805069,
                0.06661850959062576
            ]
        ]
    },
    "1": {
        "rot": [
            [
                [
                    0.9959233999252319,
                    0.08398821204900742,
                    -0.0328943245112896
                ],
                [
                    -0.07865273952484131,
                    0.9871463775634766,
                    0.13912327587604523
                ],
                [
                    0.04415622353553772,
                    -0.13596892356872559,
                    0.9897285103797913
                ]
            ]
        ],
        "trans": [
            [
                0.0010709483176469803,
                -0.08252918720245361,
                0.03139413520693779
            ]
        ]
    }
}