{
    "0": {
        "rot": [
            [
                [
                    0.9170891642570496,
                    0.07710932195186615,
                    0.3911537230014801
                ],
                [
                    -0.09084399044513702,
                    0.9957252144813538,
                    0.016700031235814095
                ],
                [
                    -0.3881940543651581,
                    -0.05084938928484917,
                    0.9201738238334656
                ]
            ]
        ],
        "trans": [
            [
                0.06353050470352173,
                -0.008138284087181091,
                0.06943690776824951
            ]
        ]
    },
    "1": {
        "rot": [
            [
                [
                    0.988617479801178,
                    0.1404971480369568,
                    -0.05381708964705467
                ],
                [
                    -0.13497187197208405,
                    0.9862527847290039,
                    0.09533105045557022
                ],
                [
                    0.0664709061384201,
                    -0.08698225766420364,
                    0.993989884853363
                ]
            ]
        ],
        "trans": [
            [
                0.05274905264377594,
                -0.09047850966453552,
                0.014979185536503792
            ]
        ]
    }
}