{
    "0": {
        "rot": [
            [
                [
                    0.9767645597457886,
                    -0.00010422378545626998,
                    0.2143152356147766
                ],
                [
                    -0.040923625230789185,
                    0.9815089106559753,
                    0.1869911104440689
                ],
                [
                    -0.21037177741527557,
                    -0.1914168894290924,
                    0.9586987495422363
                ]
            ]
        ],
        "trans": [
            [
                0.06711127609014511,
                -0.0014095660299062729,
                0.08959786593914032
            ]
        ]
    },
    "1": {
        "rot": [
            [
                [
                    0.9804332852363586,
                    0.12866084277629852,
                    -0.14898523688316345
                ],
                [
                    -0.11475583165884018,
                    0.9885010719299316,
                    0.09847194701433182
                ],
                [
                    0.15994158387184143,
                    -0.07944823801517487,
                    0.9839240908622742
                ]
            ]
        ],
        "trans": [
            [
                0.0668136402964592,
                -0.08271028846502304,
                0.0031341761350631714
            ]
        ]
    }
}