{
    "0": {
        "rot": [
            [
                [
                    0.9978029727935791,
                    -0.0342293381690979,
                    0.05672171711921692
                ],
                [
                    0.011995436623692513,
                    0.9353770017623901,
                    0.353449285030365
                ],
                [
                    -0.0651545524597168,
                    -0.35199233889579773,
                    0.9337325096130371
                ]
            ]
        ],
        "trans": [
            [
                0.07281331717967987,
                0.024183228611946106,
                0.11022889614105225
            ]
        ]
    },
    "1": {
        "rot": [
            [
                [
                    0.9809947609901428,
                    0.06827457994222641,
                    -0.18162591755390167
                ],
                [
                    -0.09024050086736679,
                    0.9891929030418396,
                    -0.11556023359298706
                ],
                [
                    0.1717732697725296,
                    0.1297539919614792,
                    0.9765540957450867
                ]
            ]
        ],
        "trans": [
            [
                0.07224729657173157,
                -0.08449485898017883,
                0.01629827916622162
            ]
        ]
    }
}