{
    "0": {
        "rot": [
            [
                [
                    0.997806191444397,
                    -0.06610684096813202,
                    -0.00336082698777318
                ],
                [
                    0.06309863179922104,
                    0.934606671333313,
                    0.350040465593338
                ],
                [
                    -0.01999901793897152,
                    -0.34948500990867615,
                    0.9367284178733826
                ]
            ]
        ],
        "trans": [
            [
                0.06662251055240631,
                0.0356704480946064,
                0.11907127499580383
            ]
        ]
    },
    "1": {
        "rot": [
            [
                [
                    0.9872187972068787,
                    0.11668873578310013,
                    -0.10854534059762955
                ],
                [
                    -0.11320913583040237,
                    0.9928558468818665,
                    0.03770234063267708
                ],
                [
                    0.11216922104358673,
                    -0.024932071566581726,
                    0.9933764338493347
                ]
            ]
        ],
        "trans": [
            [
                0.07500249147415161,
                -0.09190097451210022,
                0.007326096296310425
            ]
        ]
    }
}