{
    "0": {
        "rot": [
            [
                [
                    0.9824553728103638,
                    -0.09359198808670044,
                    0.16130980849266052
                ],
                [
                    0.03246700391173363,
                    0.9375817179679871,
                    0.3462451994419098
                ],
                [
                    -0.18364691734313965,
                    -0.33493345975875854,
                    0.9241718053817749
                ]
            ]
        ],
        "trans": [
            [
                0.07369713485240936,
                0.040854498744010925,
                0.10356272757053375
            ]
        ]
    },
    "1": {
        "rot": [
            [
                [
                    0.9952939748764038,
                    0.09666144847869873,
                    -0.00677832355722785
                ],
                [
                    -0.0966658666729927,
                    0.9953169822692871,
                    -0.00033034899388439953
                ],
                [
                    0.00671465415507555,
                    0.0009840383427217603,
                    0.9999770522117615
                ]
            ]
        ],
        "trans": [
            [
                0.07753846049308777,
                -0.09247249364852905,
                -0.006466582417488098
            ]
        ]
    }
}