{
    "0": {
        "rot": [
            [
                [
                    0.9806660413742065,
                    -0.11773528158664703,
                    0.15630672872066498
                ],
                [
                    0.06155959516763687,
                    0.9438153505325317,
                    0.3246883451938629
                ],
                [
                    -0.1857520490884781,
                    -0.30878883600234985,
                    0.9328160881996155
                ]
            ]
        ],
        "trans": [
            [
                0.0631357952952385,
                0.06012473627924919,
                0.1000727042555809
            ]
        ]
    },
    "1": {
        "rot": [
            [
                [
                    0.9889865517616272,
                    0.12679876387119293,
                    -0.07633156329393387
                ],
                [
                    -0.1261442005634308,
                    0.99192214012146,
                    0.013359734788537025
                ],
                [
                    0.07740887254476547,
                    -0.0035838105250149965,
                    0.9969930052757263
                ]
            ]
        ],
        "trans": [
            [
                0.062202371656894684,
                -0.08750175684690475,
                0.004195200279355049
            ]
        ]
    }
}