{
    "0": {
        "rot": [
            [
                [
                    0.9694996476173401,
                    -0.0906304195523262,
                    0.22772181034088135
                ],
                [
                    0.017402682453393936,
                    0.9522303342819214,
                    0.30488547682762146
                ],
                [
                    -0.24447546899318695,
                    -0.2916232645511627,
                    0.9247635006904602
                ]
            ]
        ],
        "trans": [
            [
                0.0575442910194397,
                0.07435240596532822,
                0.079652339220047
            ]
        ]
    },
    "1": {
        "rot": [
            [
                [
                    0.9978035092353821,
                    0.0656275823712349,
                    -0.008916410617530346
                ],
                [
                    -0.06610643863677979,
                    0.9951114058494568,
                    -0.07336528599262238
                ],
                [
                    0.004057856276631355,
                    0.07379341870546341,
                    0.9972653388977051
                ]
            ]
        ],
        "trans": [
            [
                0.06493965536355972,
                -0.07813110947608948,
                0.013246404007077217
            ]
        ]
    }
}