{
    "0": {
        "rot": [
            [
                [
                    0.993135929107666,
                    0.011547904461622238,
                    0.11639434099197388
                ],
                [
                    -0.020559072494506836,
                    0.9968556761741638,
                    0.07652444392442703
                ],
                [
                    -0.11514463275671005,
                    -0.07839221507310867,
                    0.9902507066726685
                ]
            ]
        ],
        "trans": [
            [
                0.05265660583972931,
                0.10957102477550507,
                0.09391830861568451
            ]
        ]
    },
    "1": {
        "rot": [
            [
                [
                    0.9972773790359497,
                    0.04660501331090927,
                    -0.0571494922041893
                ],
                [
                    -0.05046704038977623,
                    0.9964003562927246,
                    -0.0681123211979866
                ],
                [
                    0.05376946181058884,
                    0.07081100344657898,
                    0.9960395097732544
                ]
            ]
        ],
        "trans": [
            [
                0.036222513765096664,
                -0.08725786209106445,
                0.01748885214328766
            ]
        ]
    }
}