{
    "0": {
        "rot": [
            [
                [
                    0.9408297538757324,
                    0.11723783612251282,
                    0.317953884601593
                ],
                [
                    -0.07993558049201965,
                    0.9885504841804504,
                    -0.12797613441944122
                ],
                [
                    -0.3293171525001526,
                    0.09498803317546844,
                    0.9394293427467346
                ]
            ]
        ],
        "trans": [
            [
                0.07135356217622757,
                0.11501595377922058,
                0.08913511037826538
            ]
        ]
    },
    "1": {
        "rot": [
            [
                [
                    0.9998393058776855,
                    0.012416916899383068,
                    -0.012927824631333351
                ],
                [
                    -0.012918999418616295,
                    0.9991353750228882,
                    -0.03951594978570938
                ],
                [
                    0.01242601778358221,
                    0.03967661038041115,
                    0.9991353154182434
                ]
            ]
        ],
        "trans": [
            [
                0.02264290302991867,
                -0.08732283115386963,
                0.018711090087890625
            ]
        ]
    }
}