{
    "0": {
        "rot": [
            [
                [
                    0.9241823554039001,
                    0.03217193856835365,
                    0.38059374690055847
                ],
                [
                    -0.0231820996850729,
                    0.9993338584899902,
                    -0.028180066496133804
                ],
                [
                    -0.3812469244003296,
                    0.017220454290509224,
                    0.9243128895759583
                ]
            ]
        ],
        "trans": [
            [
                0.06058379262685776,
                0.08070730417966843,
                0.07957904040813446
            ]
        ]
    },
    "1": {
        "rot": [
            [
                [
                    0.9992992281913757,
                    0.022643480449914932,
                    -0.029799234122037888
                ],
                [
                    -0.02229040116071701,
                    0.9996780753135681,
                    0.01212096493691206
                ],
                [
                    0.03006412833929062,
                    -0.011448243632912636,
                    0.9994823932647705
                ]
            ]
        ],
        "trans": [
            [
                0.006309922784566879,
                -0.09768284857273102,
                0.03336195647716522
            ]
        ]
    }
}