{
    "0": {
        "rot": [
            [
                [
                    0.948571503162384,
                    -0.1133265271782875,
                    0.2955828011035919
                ],
                [
                    0.06808191537857056,
                    0.9849076867103577,
                    0.1591283082962036
                ],
                [
                    -0.3091551959514618,
                    -0.13082076609134674,
                    0.9419708251953125
                ]
            ]
        ],
        "trans": [
            [
                0.0760941430926323,
                0.019926227629184723,
                0.08947151154279709
            ]
        ]
    },
    "1": {
        "rot": [
            [
                [
                    0.9969141483306885,
                    0.07826642692089081,
                    -0.0060339211486279964
                ],
                [
                    -0.07570374757051468,
                    0.9789034128189087,
                    0.189781054854393
                ],
                [
                    0.020760120823979378,
                    -0.1887385994195938,
                    0.9818078279495239
                ]
            ]
        ],
        "trans": [
            [
                0.0021371296606957912,
                -0.10470163822174072,
                0.0450611487030983
            ]
        ]
    }
}