{
    "0": {
        "rot": [
            [
                [
                    0.9881159067153931,
                    -0.1013200655579567,
                    0.11559370905160904
                ],
                [
                    0.07131190598011017,
                    0.9683509469032288,
                    0.2391899973154068
                ],
                [
                    -0.13616999983787537,
                    -0.22810406982898712,
                    0.9640676975250244
                ]
            ]
        ],
        "trans": [
            [
                0.08179477602243423,
                0.015606839209794998,
                0.10312685370445251
            ]
        ]
    },
    "1": {
        "rot": [
            [
                [
                    0.994499921798706,
                    0.10297494381666183,
                    0.01913614384829998
                ],
                [
                    -0.09927047789096832,
                    0.8684685826301575,
                    0.48570361733436584
                ],
                [
                    0.03339610621333122,
                    -0.48493194580078125,
                    0.8739142417907715
                ]
            ]
        ],
        "trans": [
            [
                -0.016415584832429886,
                -0.12288820743560791,
                0.06467914581298828
            ]
        ]
    }
}