{
    "0": {
        "rot": [
            [
                [
                    0.9716806411743164,
                    -0.08005857467651367,
                    0.2223234474658966
                ],
                [
                    0.01792849972844124,
                    0.9631232619285583,
                    0.26846227049827576
                ],
                [
                    -0.23561757802963257,
                    -0.25687360763549805,
                    0.937283456325531
                ]
            ]
        ],
        "trans": [
            [
                0.09032018482685089,
                0.0509229451417923,
                0.07127659022808075
            ]
        ]
    },
    "1": {
        "rot": [
            [
                [
                    0.9949153661727905,
                    0.08761430531740189,
                    -0.049664705991744995
                ],
                [
                    -0.02460600435733795,
                    0.6896567344665527,
                    0.7237176895141602
                ],
                [
                    0.09765980392694473,
                    -0.7188161015510559,
                    0.6883065700531006
                ]
            ]
        ],
        "trans": [
            [
                -0.049066271632909775,
                -0.1041758581995964,
                0.12719082832336426
            ]
        ]
    }
}