{
    "0": {
        "rot": [
            [
                [
                    0.9317561388015747,
                    -0.038376517593860626,
                    0.3610527515411377
                ],
                [
                    -0.0711994618177414,
                    0.9557807445526123,
                    0.285332590341568
                ],
                [
                    -0.3560372591018677,
                    -0.29156693816185,
                    0.8878211975097656
                ]
            ]
        ],
        "trans": [
            [
                0.12196876108646393,
                0.07364305853843689,
                0.023454494774341583
            ]
        ]
    },
    "1": {
        "rot": [
            [
                [
                    0.9999711513519287,
                    -0.001986216753721237,
                    0.007280074991285801
                ],
                [
                    -0.004617076367139816,
                    0.6020458340644836,
                    0.7984479665756226
                ],
                [
                    -0.005969022400677204,
                    -0.7984588146209717,
                    0.6020199656486511
                ]
            ]
        ],
        "trans": [
            [
                -0.0693882405757904,
                -0.05548439174890518,
                0.1362130045890808
            ]
        ]
    }
}