{
    "0": {
        "rot": [
            [
                [
                    0.9063162803649902,
                    -0.11223620176315308,
                    0.4074236750602722
                ],
                [
                    -0.0662824735045433,
                    0.9144026637077332,
                    0.3993433117866516
                ],
                [
                    -0.41736987233161926,
                    -0.38893628120422363,
                    0.8212984800338745
                ]
            ]
        ],
        "trans": [
            [
                0.11811532825231552,
                0.09584912657737732,
                -0.0006368309259414673
            ]
        ]
    },
    "1": {
        "rot": [
            [
                [
                    0.9538547992706299,
                    0.08361375331878662,
                    -0.2883918285369873
                ],
                [
                    0.052462030202150345,
                    0.8992666006088257,
                    0.4342437982559204
                ],
                [
                    0.29564985632896423,
                    -0.42933523654937744,
                    0.8533830046653748
                ]
            ]
        ],
        "trans": [
            [
                -0.107489213347435,
                -0.050476014614105225,
                0.07037175446748734
            ]
        ]
    }
}