{
    "0": {
        "rot": [
            [
                [
                    0.9203144311904907,
                    -0.05300368741154671,
                    0.38757243752479553
                ],
                [
                    -0.08991041779518127,
                    0.9355911612510681,
                    0.34144696593284607
                ],
                [
                    -0.3807069957256317,
                    -0.34908527135849,
                    0.8562720417976379
                ]
            ]
        ],
        "trans": [
            [
                0.08782115578651428,
                0.08082235604524612,
                0.03926519677042961
            ]
        ]
    },
    "1": {
        "rot": [
            [
                [
                    0.9536814093589783,
                    -0.03284244239330292,
                    -0.2990208864212036
                ],
                [
                    0.010859934613108635,
                    0.9971333146095276,
                    -0.07488340884447098
                ],
                [
                    0.3006230294704437,
                    0.0681675598025322,
                    0.9513038992881775
                ]
            ]
        ],
        "trans": [
            [
                -0.08762017637491226,
                -0.05358019098639488,
                0.033671557903289795
            ]
        ]
    }
}