{
    "0": {
        "rot": [
            [
                [
                    0.9658044576644897,
                    0.014470791444182396,
                    0.25886857509613037
                ],
                [
                    -0.11573381721973419,
                    0.9175122380256653,
                    0.38049647212028503
                ],
                [
                    -0.23200896382331848,
                    -0.3974449634552002,
                    0.8878116607666016
                ]
            ]
        ],
        "trans": [
            [
                0.06207970157265663,
                0.06512045115232468,
                0.06029798462986946
            ]
        ]
    },
    "1": {
        "rot": [
            [
                [
                    0.9752013683319092,
                    0.033865317702293396,
                    -0.21871431171894073
                ],
                [
                    -0.037462569773197174,
                    0.9992221593856812,
                    -0.012321277521550655
                ],
                [
                    0.21812684834003448,
                    0.0202092994004488,
                    0.9757113456726074
                ]
            ]
        ],
        "trans": [
            [
                -0.05704367905855179,
                -0.037046387791633606,
                0.07656925916671753
            ]
        ]
    }
}