{
    "0": {
        "rot": [
            [
                [
                    0.9872852563858032,
                    0.006666326895356178,
                    -0.158817321062088
                ],
                [
                    -0.01390749029815197,
                    0.9989112615585327,
                    -0.04452662169933319
                ],
                [
                    0.15834763646125793,
                    0.04616929590702057,
                    0.9863033890724182
                ]
            ]
        ],
        "trans": [
            [
                -0.05731383338570595,
                -0.03238501027226448,
                0.04127957671880722
            ]
        ]
    },
    "1": {
        "rot": [
            [
                [
                    0.994544506072998,
                    -0.06725510954856873,
                    -0.07972785830497742
                ],
                [
                    0.07739447057247162,
                    0.9882532358169556,
                    0.13177905976772308
                ],
                [
                    0.0699283704161644,
                    -0.13723067939281464,
                    0.988067626953125
                ]
            ]
        ],
        "trans": [
            [
                -0.0011207996867597103,
                0.054993316531181335,
                0.11327119916677475
            ]
        ]
    }
}