{
    "0": {
        "rot": [
            [
                [
                    0.9862843155860901,
                    0.009086571633815765,
                    -0.16480450332164764
                ],
                [
                    0.008229789324104786,
                    0.9945342540740967,
                    0.10408471524715424
                ],
                [
                    0.16484950482845306,
                    -0.10401342064142227,
                    0.980819046497345
                ]
            ]
        ],
        "trans": [
            [
                -0.03317746892571449,
                0.004861839115619659,
                0.027419786900281906
            ]
        ]
    },
    "1": {
        "rot": [
            [
                [
                    0.9953545928001404,
                    -0.09043175727128983,
                    -0.033031709492206573
                ],
                [
                    0.09114527702331543,
                    0.9956214427947998,
                    0.020766181871294975
                ],
                [
                    0.0310091320425272,
                    -0.023680400103330612,
                    0.9992385506629944
                ]
            ]
        ],
        "trans": [
            [
                -0.031322527676820755,
                -0.010123669169843197,
                0.13064979016780853
            ]
        ]
    }
}