{
    "0": {
        "rot": [
            [
                [
                    0.9598267078399658,
                    0.0719742551445961,
                    -0.27120524644851685
                ],
                [
                    -0.021762695163488388,
                    0.9827256798744202,
                    0.18378016352653503
                ],
                [
                    0.2797480821609497,
                    -0.170494943857193,
                    0.9448134303092957
                ]
            ]
        ],
        "trans": [
            [
                -0.007541779428720474,
                0.017864618450403214,
                -0.0013511753641068935
            ]
        ]
    },
    "1": {
        "rot": [
            [
                [
                    0.972425103187561,
                    -0.11934976279735565,
                    0.20035921037197113
                ],
                [
                    0.09716897457838058,
                    0.9883506894111633,
                    0.1171378418803215
                ],
                [
                    -0.2120053917169571,
                    -0.09443911164999008,
                    0.9726946949958801
                ]
            ]
        ],
        "trans": [
            [
                -0.06788591295480728,
                -0.034041523933410645,
                0.16985003650188446
            ]
        ]
    }
}