{
    "0": {
        "rot": [
            [
                [
                    0.926567792892456,
                    0.07110051810741425,
                    -0.3693467974662781
                ],
                [
                    0.016892682760953903,
                    0.973113477230072,
                    0.2297058403491974
                ],
                [
                    0.3757483959197998,
                    -0.2190772444009781,
                    0.900454580783844
                ]
            ]
        ],
        "trans": [
            [
                -0.016841737553477287,
                0.002635815180838108,
                -0.010831874795258045
            ]
        ]
    },
    "1": {
        "rot": [
            [
                [
                    0.9586368799209595,
                    -0.1483699381351471,
                    0.24290373921394348
                ],
                [
                    0.12308089435100555,
                    0.9855639338493347,
                    0.11625294387340546
                ],
                [
                    -0.25664567947387695,
                    -0.08154754340648651,
                    0.9630592465400696
                ]
            ]
        ],
        "trans": [
            [
                -0.0575236901640892,
                -0.012124978005886078,
                0.17656248807907104
            ]
        ]
    }
}