{
    "0": {
        "rot": [
            [
                [
                    0.9055262207984924,
                    0.09052731096744537,
                    -0.41452062129974365
                ],
                [
                    -0.0035237660631537437,
                    0.9785439968109131,
                    0.2060070037841797
                ],
                [
                    0.4242760241031647,
                    -0.18508407473564148,
                    0.8864163160324097
                ]
            ]
        ],
        "trans": [
            [
                -0.009853046387434006,
                -0.000307625625282526,
                -0.013364100828766823
            ]
        ]
    },
    "1": {
        "rot": [
            [
                [
                    0.9581607580184937,
                    -0.14204168319702148,
                    0.24849867820739746
                ],
                [
                    0.18336167931556702,
                    0.9712478518486023,
                    -0.15184113383293152
                ],
                [
                    -0.21978604793548584,
                    0.1910533308982849,
                    0.9566571116447449
                ]
            ]
        ],
        "trans": [
            [
                -0.03057647868990898,
                -0.007484907750040293,
                0.17003311216831207
            ]
        ]
    }
}