{
    "0": {
        "rot": [
            [
                [
                    0.8855289816856384,
                    0.13253216445446014,
                    -0.4452788829803467
                ],
                [
                    -0.015579026192426682,
                    0.9663790464401245,
                    0.2566494345664978
                ],
                [
                    0.46432235836982727,
                    -0.2203335165977478,
                    0.8578216433525085
                ]
            ]
        ],
        "trans": [
            [
                -4.043802618980408e-05,
                -0.019009776413440704,
                0.007330663502216339
            ]
        ]
    },
    "1": {
        "rot": [
            [
                [
                    0.9225481152534485,
                    -0.09222039580345154,
                    0.3747011721134186
                ],
                [
                    0.16071195900440216,
                    0.9746245741844177,
                    -0.15581540763378143
                ],
                [
                    -0.3508238196372986,
                    0.20396605134010315,
                    0.9139588475227356
                ]
            ]
        ],
        "trans": [
            [
                0.004704505205154419,
                0.03592812269926071,
                0.15178543329238892
            ]
        ]
    }
}