{
    "0": {
        "rot": [
            [
                [
                    0.89034104347229,
                    0.1305132359266281,
                    -0.436187207698822
                ],
                [
                    0.01370040699839592,
                    0.9499192237854004,
                    0.312194287776947
                ],
                [
                    0.4550882577896118,
                    -0.2839353680610657,
                    0.843964159488678
                ]
            ]
        ],
        "trans": [
            [
                0.016356341540813446,
                -0.027448371052742004,
                0.02274169772863388
            ]
        ]
    },
    "1": {
        "rot": [
            [
                [
                    0.9256740212440491,
                    -0.0395645871758461,
                    0.37624818086624146
                ],
                [
                    0.11918723583221436,
                    0.9743720293045044,
                    -0.1907726526260376
                ],
                [
                    -0.3590576946735382,
                    0.22143736481666565,
                    0.9066659212112427
                ]
            ]
        ],
        "trans": [
            [
                0.016569150611758232,
                0.05272163450717926,
                0.13799045979976654
            ]
        ]
    }
}