{
    "0": {
        "rot": [
            [
                [
                    0.8774263262748718,
                    0.13011503219604492,
                    -0.46172794699668884
                ],
                [
                    0.01958453096449375,
                    0.9519949555397034,
                    0.30548804998397827
                ],
                [
                    0.47931110858917236,
                    -0.2770858705043793,
                    0.8327571153640747
                ]
            ]
        ],
        "trans": [
            [
                0.015504147857427597,
                -0.014949860982596874,
                0.018762532621622086
            ]
        ]
    },
    "1": {
        "rot": [
            [
                [
                    0.897857129573822,
                    -0.1006883904337883,
                    0.42861855030059814
                ],
                [
                    0.1511034369468689,
                    0.9848414063453674,
                    -0.08517429232597351
                ],
                [
                    -0.4135453701019287,
                    0.14123989641666412,
                    0.8994616866111755
                ]
            ]
        ],
        "trans": [
            [
                0.02080429717898369,
                0.07936666905879974,
                0.11606830358505249
            ]
        ]
    }
}