{
    "0": {
        "rot": [
            [
                [
                    0.9142804145812988,
                    0.10695062577724457,
                    -0.3907080888748169
                ],
                [
                    0.0022641271352767944,
                    0.9631525874137878,
                    0.26894673705101013
                ],
                [
                    0.4050755500793457,
                    -0.24677744507789612,
                    0.8803492188453674
                ]
            ]
        ],
        "trans": [
            [
                0.015840977430343628,
                -0.00356132909655571,
                0.00851123034954071
            ]
        ]
    },
    "1": {
        "rot": [
            [
                [
                    0.9017846584320068,
                    -0.12049193680286407,
                    0.41505110263824463
                ],
                [
                    0.14444999396800995,
                    0.9891518354415894,
                    -0.026691526174545288
                ],
                [
                    -0.40733274817466736,
                    0.08402405679225922,
                    0.9094064235687256
                ]
            ]
        ],
        "trans": [
            [
                0.014547359198331833,
                0.08262625336647034,
                0.10484777390956879
            ]
        ]
    }
}