{
    "0": {
        "rot": [
            [
                [
                    0.8982087969779968,
                    0.1267625242471695,
                    -0.4208948016166687
                ],
                [
                    -0.003346441313624382,
                    0.9594606757164001,
                    0.281823068857193
                ],
                [
                    0.4395565092563629,
                    -0.25172731280326843,
                    0.8622201085090637
                ]
            ]
        ],
        "trans": [
            [
                0.003938514739274979,
                -0.02469797246158123,
                0.010163389146327972
            ]
        ]
    },
    "1": {
        "rot": [
            [
                [
                    0.915934145450592,
                    -0.1403498351573944,
                    0.37598803639411926
                ],
                [
                    0.15512938797473907,
                    0.9878519177436829,
                    -0.00915825366973877
                ],
                [
                    -0.3701350688934326,
                    0.06671522557735443,
                    0.9265792965888977
                ]
            ]
        ],
        "trans": [
            [
                0.0046428777277469635,
                0.09109145402908325,
                0.10097812861204147
            ]
        ]
    }
}