{
    "0": {
        "rot": [
            [
                [
                    0.9286742210388184,
                    0.10627001523971558,
                    -0.3553456664085388
                ],
                [
                    0.018620476126670837,
                    0.9435065984725952,
                    0.3308296203613281
                ],
                [
                    0.370428204536438,
                    -0.31384971737861633,
                    0.8742318153381348
                ]
            ]
        ],
        "trans": [
            [
                -0.0030163079500198364,
                -0.030502764508128166,
                -0.011971455067396164
            ]
        ]
    },
    "1": {
        "rot": [
            [
                [
                    0.9365573525428772,
                    -0.14480438828468323,
                    0.3192045986652374
                ],
                [
                    0.1524374783039093,
                    0.9883123636245728,
                    0.001082301139831543
                ],
                [
                    -0.315630704164505,
                    0.04764503240585327,
                    0.9476852416992188
                ]
            ]
        ],
        "trans": [
            [
                -0.004346325993537903,
                0.09828659892082214,
                0.10009050369262695
            ]
        ]
    }
}