{
    "0": {
        "rot": [
            [
                [
                    0.9172051548957825,
                    0.08980759233236313,
                    -0.3881608247756958
                ],
                [
                    0.04461529850959778,
                    0.9449828267097473,
                    0.324061781167984
                ],
                [
                    0.3959086537361145,
                    -0.3145492672920227,
                    0.8627370595932007
                ]
            ]
        ],
        "trans": [
            [
                -0.01905275322496891,
                -0.038313671946525574,
                -0.016989370808005333
            ]
        ]
    },
    "1": {
        "rot": [
            [
                [
                    0.9267021417617798,
                    -0.16271603107452393,
                    0.3387424647808075
                ],
                [
                    0.16644465923309326,
                    0.9858821630477905,
                    0.018227070569992065
                ],
                [
                    -0.336926132440567,
                    0.03949081897735596,
                    0.940702497959137
                ]
            ]
        ],
        "trans": [
            [
                -0.011917432770133018,
                0.1009373739361763,
                0.09257617592811584
            ]
        ]
    }
}