{
    "0": {
        "rot": [
            [
                [
                    0.9306597709655762,
                    0.11216256022453308,
                    -0.34826916456222534
                ],
                [
                    -0.010292492806911469,
                    0.9595029950141907,
                    0.2815106511116028
                ],
                [
                    0.36574018001556396,
                    -0.2584061622619629,
                    0.8941252827644348
                ]
            ]
        ],
        "trans": [
            [
                -0.0347917415201664,
                -0.022193707525730133,
                -0.02208074927330017
            ]
        ]
    },
    "1": {
        "rot": [
            [
                [
                    0.9465362429618835,
                    -0.12470462918281555,
                    0.2975204885005951
                ],
                [
                    0.13742707669734955,
                    0.9902647733688354,
                    -0.022146105766296387
                ],
                [
                    -0.2918623387813568,
                    0.06184948980808258,
                    0.9544587731361389
                ]
            ]
        ],
        "trans": [
            [
                -0.012669261544942856,
                0.10217837244272232,
                0.10160128772258759
            ]
        ]
    }
}