{
    "0": {
        "rot": [
            [
                [
                    0.9421173930168152,
                    0.07735706865787506,
                    -0.326235830783844
                ],
                [
                    -0.005528618115931749,
                    0.9764711260795593,
                    0.21557512879371643
                ],
                [
                    0.33523648977279663,
                    -0.20129357278347015,
                    0.9203791618347168
                ]
            ]
        ],
        "trans": [
            [
                -0.03618496656417847,
                -0.013426799327135086,
                -0.03305980563163757
            ]
        ]
    },
    "1": {
        "rot": [
            [
                [
                    0.9510704278945923,
                    -0.15637966990470886,
                    0.2664794921875
                ],
                [
                    0.15217623114585876,
                    0.9876795411109924,
                    0.03648510202765465
                ],
                [
                    -0.2689019739627838,
                    0.005851805210113525,
                    0.9631498456001282
                ]
            ]
        ],
        "trans": [
            [
                -0.014497105963528156,
                0.11131096631288528,
                0.0982896015048027
            ]
        ]
    }
}