{
    "0": {
        "rot": [
            [
                [
                    0.9574673175811768,
                    0.09294348210096359,
                    -0.2731592059135437
                ],
                [
                    -0.008297020569443703,
                    0.9551765322685242,
                    0.29592013359069824
                ],
                [
                    0.28841912746429443,
                    -0.28106775879859924,
                    0.9153225421905518
                ]
            ]
        ],
        "trans": [
            [
                -0.03259417787194252,
                -0.04356618970632553,
                -0.018587695434689522
            ]
        ]
    },
    "1": {
        "rot": [
            [
                [
                    0.9301868677139282,
                    -0.17012058198451996,
                    0.325286328792572
                ],
                [
                    0.15900075435638428,
                    0.9854118824005127,
                    0.06068015098571777
                ],
                [
                    -0.3308638632297516,
                    -0.004723101854324341,
                    0.9436665773391724
                ]
            ]
        ],
        "trans": [
            [
                -0.01607218012213707,
                0.10500477999448776,
                0.09691937267780304
            ]
        ]
    }
}