{
    "0": {
        "rot": [
            [
                [
                    0.9673663973808289,
                    0.06737544387578964,
                    -0.2442607432603836
                ],
                [
                    0.006504550576210022,
                    0.9570788145065308,
                    0.2897554039955139
                ],
                [
                    0.25329911708831787,
                    -0.28188827633857727,
                    0.9254074692726135
                ]
            ]
        ],
        "trans": [
            [
                -0.02919410914182663,
                -0.05860653892159462,
                -0.011638178490102291
            ]
        ]
    },
    "1": {
        "rot": [
            [
                [
                    0.9482792615890503,
                    -0.1509985774755478,
                    0.27922019362449646
                ],
                [
                    0.14992552995681763,
                    0.9883723258972168,
                    0.025325685739517212
                ],
                [
                    -0.27979788184165955,
                    0.0178460031747818,
                    0.9598931074142456
                ]
            ]
        ],
        "trans": [
            [
                -0.011445092037320137,
                0.09484462440013885,
                0.09767161309719086
            ]
        ]
    }
}