{
    "0": {
        "rot": [
            [
                [
                    0.972960889339447,
                    0.053986769169569016,
                    -0.22457365691661835
                ],
                [
                    0.020331814885139465,
                    0.9485064148902893,
                    0.31610509753227234
                ],
                [
                    0.23007507622241974,
                    -0.3121238052845001,
                    0.9217615723609924
                ]
            ]
        ],
        "trans": [
            [
                -0.034880898892879486,
                -0.05077467858791351,
                -0.004969652742147446
            ]
        ]
    },
    "1": {
        "rot": [
            [
                [
                    0.9368770122528076,
                    -0.1388402283191681,
                    0.3209131956100464
                ],
                [
                    0.1511337161064148,
                    0.9884199500083923,
                    -0.013590380549430847
                ],
                [
                    -0.3153100609779358,
                    0.06123317778110504,
                    0.9470110535621643
                ]
            ]
        ],
        "trans": [
            [
                -0.007338101044297218,
                0.09501471370458603,
                0.09795484691858292
            ]
        ]
    }
}