{
    "0": {
        "rot": [
            [
                [
                    0.9718865156173706,
                    0.07822175323963165,
                    -0.2220747321844101
                ],
                [
                    0.0025045135989785194,
                    0.9397135972976685,
                    0.3419530391693115
                ],
                [
                    0.23543478548526764,
                    -0.3328959345817566,
                    0.9130996465682983
                ]
            ]
        ],
        "trans": [
            [
                -0.03996361419558525,
                -0.03682421147823334,
                0.012416052632033825
            ]
        ]
    },
    "1": {
        "rot": [
            [
                [
                    0.9207000732421875,
                    -0.1613575518131256,
                    0.35535115003585815
                ],
                [
                    0.151325523853302,
                    0.9868938326835632,
                    0.05605080723762512
                ],
                [
                    -0.35973799228668213,
                    0.002167731523513794,
                    0.9330509901046753
                ]
            ]
        ],
        "trans": [
            [
                -0.005900264717638493,
                0.10207114368677139,
                0.09552083909511566
            ]
        ]
    }
}