{
    "0": {
        "rot": [
            [
                [
                    0.9784406423568726,
                    0.07540116459131241,
                    -0.19227129220962524
                ],
                [
                    0.02591169811785221,
                    0.8787956833839417,
                    0.47649329900741577
                ],
                [
                    0.20489558577537537,
                    -0.4712024927139282,
                    0.8578962683677673
                ]
            ]
        ],
        "trans": [
            [
                -0.048319920897483826,
                -0.04483088105916977,
                0.027812883257865906
            ]
        ]
    },
    "1": {
        "rot": [
            [
                [
                    0.9219865202903748,
                    -0.1317366063594818,
                    0.36412444710731506
                ],
                [
                    0.14111630618572235,
                    0.9899927973747253,
                    0.0008540451526641846
                ],
                [
                    -0.36059311032295227,
                    0.0505964457988739,
                    0.9313499331474304
                ]
            ]
        ],
        "trans": [
            [
                -0.004409188870340586,
                0.08188344538211823,
                0.0961984246969223
            ]
        ]
    }
}