{
    "0": {
        "rot": [
            [
                [
                    0.993785560131073,
                    0.01955937221646309,
                    -0.10957914590835571
                ],
                [
                    0.03920520469546318,
                    0.8598508834838867,
                    0.5090381503105164
                ],
                [
                    0.10417819023132324,
                    -0.5101708173751831,
                    0.853740394115448
                ]
            ]
        ],
        "trans": [
            [
                -0.07805529981851578,
                -0.047829966992139816,
                0.06605510413646698
            ]
        ]
    },
    "1": {
        "rot": [
            [
                [
                    0.9190970063209534,
                    -0.13791242241859436,
                    0.3691089451313019
                ],
                [
                    0.17360420525074005,
                    0.9826592803001404,
                    -0.06512509286403656
                ],
                [
                    -0.353727251291275,
                    0.123934805393219,
                    0.9271016120910645
                ]
            ]
        ],
        "trans": [
            [
                0.0013824538327753544,
                0.049833107739686966,
                0.102162204682827
            ]
        ]
    }
}