{
    "0": {
        "rot": [
            [
                [
                    0.99920654296875,
                    -0.0027518454007804394,
                    -0.03972189128398895
                ],
                [
                    0.02691328339278698,
                    0.7818905711174011,
                    0.6228342056274414
                ],
                [
                    0.029344214126467705,
                    -0.6234094500541687,
                    0.7813447117805481
                ]
            ]
        ],
        "trans": [
            [
                -0.07582399249076843,
                -0.05320688337087631,
                0.09701095521450043
            ]
        ]
    },
    "1": {
        "rot": [
            [
                [
                    0.9250646829605103,
                    -0.12258432805538177,
                    0.35948437452316284
                ],
                [
                    0.1692761331796646,
                    0.9803487062454224,
                    -0.10130093991756439
                ],
                [
                    -0.34000226855278015,
                    0.1545621007680893,
                    0.9276362657546997
                ]
            ]
        ],
        "trans": [
            [
                -0.003125718329101801,
                0.016844231635332108,
                0.11902645975351334
            ]
        ]
    }
}