{
    "0": {
        "rot": [
            [
                [
                    0.9693606495857239,
                    0.046996939927339554,
                    -0.24110469222068787
                ],
                [
                    0.032048020511865616,
                    0.9489408731460571,
                    0.3138217031955719
                ],
                [
                    0.24354292452335358,
                    -0.31193339824676514,
                    0.9183597564697266
                ]
            ]
        ],
        "trans": [
            [
                -0.07978901267051697,
                -0.027452802285552025,
                0.09155683219432831
            ]
        ]
    },
    "1": {
        "rot": [
            [
                [
                    0.9400457739830017,
                    -0.16931843757629395,
                    0.29604917764663696
                ],
                [
                    0.17180463671684265,
                    0.984970211982727,
                    0.017798900604248047
                ],
                [
                    -0.294613242149353,
                    0.03413072228431702,
                    0.955007016658783
                ]
            ]
        ],
        "trans": [
            [
                0.003078287933021784,
                0.005848545581102371,
                0.13426625728607178
            ]
        ]
    }
}