{
    "0": {
        "rot": [
            [
                [
                    0.9549317359924316,
                    0.0864923968911171,
                    -0.2839432656764984
                ],
                [
                    -0.03981837257742882,
                    0.9852849841117859,
                    0.166215717792511
                ],
                [
                    0.2941415309906006,
                    -0.1474185436964035,
                    0.9443244934082031
                ]
            ]
        ],
        "trans": [
            [
                -0.02198309637606144,
                0.012360792607069016,
                0.09758905321359634
            ]
        ]
    },
    "1": {
        "rot": [
            [
                [
                    0.992723286151886,
                    -0.11571510881185532,
                    0.033320844173431396
                ],
                [
                    0.10687334090471268,
                    0.9741613268852234,
                    0.19896458089351654
                ],
                [
                    -0.055483222007751465,
                    -0.1939559429883957,
                    0.9794401526451111
                ]
            ]
        ],
        "trans": [
            [
                -0.010679582133889198,
                0.03360358998179436,
                0.13205093145370483
            ]
        ]
    }
}