{
    "0": {
        "rot": [
            [
                [
                    0.9620455503463745,
                    0.12189123034477234,
                    -0.24415257573127747
                ],
                [
                    -0.06825374066829681,
                    0.9737401604652405,
                    0.21718832850456238
                ],
                [
                    0.2642146050930023,
                    -0.19228076934814453,
                    0.9451025128364563
                ]
            ]
        ],
        "trans": [
            [
                -0.01192709431052208,
                0.03392934054136276,
                0.10553508996963501
            ]
        ]
    },
    "1": {
        "rot": [
            [
                [
                    0.9978412389755249,
                    -0.06531975418329239,
                    0.0067160651087760925
                ],
                [
                    0.05532524362206459,
                    0.8914159536361694,
                    0.44979625940322876
                ],
                [
                    -0.03536752611398697,
                    -0.44845396280288696,
                    0.8931061029434204
                ]
            ]
        ],
        "trans": [
            [
                0.0285943690687418,
                0.07260055840015411,
                0.09519627690315247
            ]
        ]
    }
}