{
    "0": {
        "rot": [
            [
                [
                    0.9859821200370789,
                    0.13085173070430756,
                    -0.10352493077516556
                ],
                [
                    -0.10338716953992844,
                    0.9661222100257874,
                    0.23647111654281616
                ],
                [
                    0.1309603750705719,
                    -0.2224530726671219,
                    0.9661076664924622
                ]
            ]
        ],
        "trans": [
            [
                -0.04687528312206268,
                0.027417615056037903,
                0.10527876764535904
            ]
        ]
    },
    "1": {
        "rot": [
            [
                [
                    0.9993499517440796,
                    -0.026287537068128586,
                    0.024665847420692444
                ],
                [
                    0.011101873591542244,
                    0.8754372596740723,
                    0.48320457339286804
                ],
                [
                    -0.0342957079410553,
                    -0.482616662979126,
                    0.8751600980758667
                ]
            ]
        ],
        "trans": [
            [
                0.0358947217464447,
                0.07313177734613419,
                0.0943085104227066
            ]
        ]
    }
}