{
    "0": {
        "rot": [
            [
                [
                    0.9721768498420715,
                    0.10013864189386368,
                    -0.211764857172966
                ],
                [
                    -0.022554835304617882,
                    0.9398355484008789,
                    0.34088075160980225
                ],
                [
                    0.23315955698490143,
                    -0.32662010192871094,
                    0.9159454703330994
                ]
            ]
        ],
        "trans": [
            [
                -0.11164841055870056,
                -0.025196656584739685,
                0.08988194912672043
            ]
        ]
    },
    "1": {
        "rot": [
            [
                [
                    0.9973208904266357,
                    -0.05616265907883644,
                    0.04685508832335472
                ],
                [
                    0.029803872108459473,
                    0.8970693349838257,
                    0.44088315963745117
                ],
                [
                    -0.06679356098175049,
                    -0.43830591440200806,
                    0.8963407278060913
                ]
            ]
        ],
        "trans": [
            [
                -0.00010376516729593277,
                0.10503717511892319,
                0.10047923773527145
            ]
        ]
    }
}