{
    "0": {
        "rot": [
            [
                [
                    0.9661998152732849,
                    0.0880243107676506,
                    -0.24229870736598969
                ],
                [
                    0.011252162046730518,
                    0.9246019721031189,
                    0.3807680308818817
                ],
                [
                    0.25754666328430176,
                    -0.3706246614456177,
                    0.892360508441925
                ]
            ]
        ],
        "trans": [
            [
                -0.11382235586643219,
                -0.035362232476472855,
                0.0815000981092453
            ]
        ]
    },
    "1": {
        "rot": [
            [
                [
                    0.9964920282363892,
                    -0.06766875088214874,
                    0.0492435023188591
                ],
                [
                    0.038214780390262604,
                    0.891395092010498,
                    0.4516128897666931
                ],
                [
                    -0.07445546984672546,
                    -0.4481469988822937,
                    0.890854001045227
                ]
            ]
        ],
        "trans": [
            [
                -0.01888388767838478,
                0.10009504109621048,
                0.09775711596012115
            ]
        ]
    }
}