{
    "0": {
        "rot": [
            [
                [
                    0.9248442649841309,
                    0.03507844731211662,
                    -0.3787233233451843
                ],
                [
                    -0.02080441452562809,
                    0.9989124536514282,
                    0.04171766713261604
                ],
                [
                    0.37977489829063416,
                    -0.03070337325334549,
                    0.9245694279670715
                ]
            ]
        ],
        "trans": [
            [
                -0.12010912597179413,
                -0.0017822468653321266,
                0.045439157634973526
            ]
        ]
    },
    "1": {
        "rot": [
            [
                [
                    0.9915825724601746,
                    -0.053868405520915985,
                    0.11773321032524109
                ],
                [
                    -0.007983789779245853,
                    0.8821653127670288,
                    0.47087255120277405
                ],
                [
                    -0.12922531366348267,
                    -0.4678492844104767,
                    0.8743101954460144
                ]
            ]
        ],
        "trans": [
            [
                0.016804512590169907,
                0.09960003197193146,
                0.08213244378566742
            ]
        ]
    }
}