{
    "0": {
        "rot": [
            [
                [
                    0.9639795422554016,
                    -0.06992970407009125,
                    -0.25661906599998474
                ],
                [
                    -0.07988077402114868,
                    0.8441604375839233,
                    -0.5301063060760498
                ],
                [
                    0.25369781255722046,
                    0.5315105319023132,
                    0.808167040348053
                ]
            ]
        ],
        "trans": [
            [
                -0.1011294424533844,
                -0.0022844867780804634,
                0.0647500529885292
            ]
        ]
    },
    "1": {
        "rot": [
            [
                [
                    0.9996581673622131,
                    0.012357301078736782,
                    -0.023013675585389137
                ],
                [
                    -0.0024471182841807604,
                    0.9214557409286499,
                    0.3884749710559845
                ],
                [
                    0.02600659802556038,
                    -0.38828617334365845,
                    0.9211719036102295
                ]
            ]
        ],
        "trans": [
            [
                0.03829750418663025,
                0.10417276620864868,
                0.0969073623418808
            ]
        ]
    }
}