{
    "0": {
        "rot": [
            [
                [
                    0.9456692934036255,
                    -0.10529455542564392,
                    -0.30760639905929565
                ],
                [
                    -0.11477373540401459,
                    0.7770830392837524,
                    -0.6188443899154663
                ],
                [
                    0.304196834564209,
                    0.6205275058746338,
                    0.7227791547775269
                ]
            ]
        ],
        "trans": [
            [
                -0.06854864954948425,
                -0.008265677839517593,
                0.0652911514043808
            ]
        ]
    },
    "1": {
        "rot": [
            [
                [
                    0.9985857605934143,
                    0.03184603527188301,
                    -0.04257764667272568
                ],
                [
                    -0.01655568741261959,
                    0.9472073912620544,
                    0.3201926648616791
                ],
                [
                    0.050526753067970276,
                    -0.31903502345085144,
                    0.9463950395584106
                ]
            ]
        ],
        "trans": [
            [
                0.032900769263505936,
                0.09785664826631546,
                0.10700234025716782
            ]
        ]
    }
}