{
    "0": {
        "rot": [
            [
                [
                    0.9112475514411926,
                    -0.12118811905384064,
                    -0.39362576603889465
                ],
                [
                    -0.12674595415592194,
                    0.8268328309059143,
                    -0.547980546951294
                ],
                [
                    0.39187145233154297,
                    0.5492364764213562,
                    0.7380896210670471
                ]
            ]
        ],
        "trans": [
            [
                -0.07547067850828171,
                0.007323390804231167,
                0.07866103947162628
            ]
        ]
    },
    "1": {
        "rot": [
            [
                [
                    0.9989044070243835,
                    0.010084915906190872,
                    -0.04569895565509796
                ],
                [
                    0.00596809946000576,
                    0.9410779476165771,
                    0.3381364047527313
                ],
                [
                    0.046416349709033966,
                    -0.338038831949234,
                    0.9399868249893188
                ]
            ]
        ],
        "trans": [
            [
                0.017983751371502876,
                0.11643481999635696,
                0.0927242785692215
            ]
        ]
    }
}