{
    "0": {
        "rot": [
            [
                [
                    0.9455749988555908,
                    -0.07873690873384476,
                    -0.31573477387428284
                ],
                [
                    -0.05890645831823349,
                    0.9128353595733643,
                    -0.4040555953979492
                ],
                [
                    0.320028156042099,
                    0.4006637632846832,
                    0.8585165143013
                ]
            ]
        ],
        "trans": [
            [
                -0.1217714324593544,
                0.08083741366863251,
                0.15533016622066498
            ]
        ]
    },
    "1": {
        "rot": [
            [
                [
                    0.9992613196372986,
                    -0.005619692616164684,
                    -0.03800492733716965
                ],
                [
                    0.020288754254579544,
                    0.9172415137290955,
                    0.39781489968299866
                ],
                [
                    0.032624077051877975,
                    -0.3982922434806824,
                    0.9166783690452576
                ]
            ]
        ],
        "trans": [
            [
                -0.013576118275523186,
                0.134601429104805,
                0.0806780755519867
            ]
        ]
    }
}