{
    "0": {
        "rot": [
            [
                [
                    0.9049091339111328,
                    -0.02399882860481739,
                    -0.4249269962310791
                ],
                [
                    -0.020134828984737396,
                    0.9948771595954895,
                    -0.0990658551454544
                ],
                [
                    0.4251275062561035,
                    0.09820137172937393,
                    0.8997904062271118
                ]
            ]
        ],
        "trans": [
            [
                -0.12273848801851273,
                0.12739011645317078,
                0.10699187219142914
            ]
        ]
    },
    "1": {
        "rot": [
            [
                [
                    0.9992276430130005,
                    -0.031575147062540054,
                    -0.02340734750032425
                ],
                [
                    0.03836993873119354,
                    0.9127475619316101,
                    0.4067179560661316
                ],
                [
                    0.00852286722511053,
                    -0.40730175375938416,
                    0.9132537841796875
                ]
            ]
        ],
        "trans": [
            [
                -0.02394053153693676,
                0.1255311667919159,
                0.08189991116523743
            ]
        ]
    }
}