{
    "0": {
        "rot": [
            [
                [
                    0.8668169975280762,
                    -0.04278052970767021,
                    -0.496786892414093
                ],
                [
                    0.08821725845336914,
                    0.9937533736228943,
                    0.06835003197193146
                ],
                [
                    0.4907597601413727,
                    -0.10307221114635468,
                    0.8651768565177917
                ]
            ]
        ],
        "trans": [
            [
                -0.12207205593585968,
                0.09371250867843628,
                0.07770227640867233
            ]
        ]
    },
    "1": {
        "rot": [
            [
                [
                    0.9978477358818054,
                    -0.06538549065589905,
                    0.004901230335235596
                ],
                [
                    0.05738063156604767,
                    0.906964898109436,
                    0.417278915643692
                ],
                [
                    -0.03172925114631653,
                    -0.4160996973514557,
                    0.9087650775909424
                ]
            ]
        ],
        "trans": [
            [
                -0.01645810715854168,
                0.11675532907247543,
                0.08360635489225388
            ]
        ]
    }
}