{
    "0": {
        "rot": [
            [
                [
                    0.8234140872955322,
                    0.0413699671626091,
                    -0.5659307241439819
                ],
                [
                    0.17109175026416779,
                    0.9328234195709229,
                    0.31712400913238525
                ],
                [
                    0.5410329699516296,
                    -0.35795047879219055,
                    0.76102215051651
                ]
            ]
        ],
        "trans": [
            [
                -0.10191938281059265,
                0.08279747515916824,
                0.05421649292111397
            ]
        ]
    },
    "1": {
        "rot": [
            [
                [
                    0.9823281168937683,
                    -0.03683982044458389,
                    0.18350210785865784
                ],
                [
                    -0.0073897745460271835,
                    0.9720377326011658,
                    0.23470748960971832
                ],
                [
                    -0.1870177686214447,
                    -0.23191604018211365,
                    0.9545885920524597
                ]
            ]
        ],
        "trans": [
            [
                0.07155779004096985,
                0.07333506643772125,
                0.09500788152217865
            ]
        ]
    }
}