{
    "0": {
        "rot": [
            [
                [
                    0.7795073390007019,
                    0.12720954418182373,
                    -0.613340437412262
                ],
                [
                    0.20995956659317017,
                    0.8694565296173096,
                    0.44717076420783997
                ],
                [
                    0.5901574492454529,
                    -0.47734978795051575,
                    0.6510388851165771
                ]
            ]
        ],
        "trans": [
            [
                -0.08446632325649261,
                0.0800643116235733,
                0.013718884438276291
            ]
        ]
    },
    "1": {
        "rot": [
            [
                [
                    0.9796014428138733,
                    -0.03605859354138374,
                    0.19768854975700378
                ],
                [
                    0.013998022302985191,
                    0.9936236143112183,
                    0.11187425255775452
                ],
                [
                    -0.20046192407608032,
                    -0.10682494938373566,
                    0.9738601446151733
                ]
            ]
        ],
        "trans": [
            [
                0.13610942661762238,
                0.04227708652615547,
                0.08758079260587692
            ]
        ]
    }
}