{
    "0": {
        "rot": [
            [
                [
                    0.7890149354934692,
                    0.07681428641080856,
                    -0.609552800655365
                ],
                [
                    0.19765329360961914,
                    0.9076698422431946,
                    0.3702278733253479
                ],
                [
                    0.5817117094993591,
                    -0.41259557008743286,
                    0.7009825706481934
                ]
            ]
        ],
        "trans": [
            [
                -0.10087753087282181,
                0.09406505525112152,
                0.021771632134914398
            ]
        ]
    },
    "1": {
        "rot": [
            [
                [
                    0.9448240399360657,
                    -0.05188910290598869,
                    0.323441743850708
                ],
                [
                    0.0808568149805069,
                    0.9937652349472046,
                    -0.07676860690116882
                ],
                [
                    -0.3174416720867157,
                    0.0986853539943695,
                    0.9431290030479431
                ]
            ]
        ],
        "trans": [
            [
                0.10813704133033752,
                0.03283178433775902,
                0.08704781532287598
            ]
        ]
    }
}