{
    "0": {
        "rot": [
            [
                [
                    0.7747321128845215,
                    0.12065722793340683,
                    -0.620671272277832
                ],
                [
                    0.23490692675113678,
                    0.8564404249191284,
                    0.45970404148101807
                ],
                [
                    0.5870348215103149,
                    -0.5019472241401672,
                    0.6351685523986816
                ]
            ]
        ],
        "trans": [
            [
                -0.09255751222372055,
                0.0893552303314209,
                -0.00034666433930397034
            ]
        ]
    },
    "1": {
        "rot": [
            [
                [
                    0.9514597058296204,
                    -0.07878154516220093,
                    0.2975192964076996
                ],
                [
                    0.08092574030160904,
                    0.9967070817947388,
                    0.005123934708535671
                ],
                [
                    -0.29694315791130066,
                    0.019201789051294327,
                    0.9547021389007568
                ]
            ]
        ],
        "trans": [
            [
                0.07625046372413635,
                0.011338803917169571,
                0.10314515233039856
            ]
        ]
    }
}