{
    "0": {
        "rot": [
            [
                [
                    0.8804906010627747,
                    0.1977972537279129,
                    -0.4308274984359741
                ],
                [
                    0.039445921778678894,
                    0.8750771284103394,
                    0.4823731482028961
                ],
                [
                    0.47241947054862976,
                    -0.44171953201293945,
                    0.7626950144767761
                ]
            ]
        ],
        "trans": [
            [
                -0.08827228099107742,
                0.0703691691160202,
                0.020337678492069244
            ]
        ]
    },
    "1": {
        "rot": [
            [
                [
                    0.9742512106895447,
                    -0.03478063642978668,
                    0.22276517748832703
                ],
                [
                    0.0670742616057396,
                    0.9880061149597168,
                    -0.1390879601240158
                ],
                [
                    -0.21525605022907257,
                    0.15044842660427094,
                    0.9648991823196411
                ]
            ]
        ],
        "trans": [
            [
                0.06558059900999069,
                -0.02531540021300316,
                0.11225908994674683
            ]
        ]
    }
}