{
    "0": {
        "rot": [
            [
                [
                    0.9391693472862244,
                    0.1874556839466095,
                    -0.2877863049507141
                ],
                [
                    -0.01485188864171505,
                    0.8593003153800964,
                    0.5112552046775818
                ],
                [
                    0.3431326150894165,
                    -0.4758811891078949,
                    0.8098130822181702
                ]
            ]
        ],
        "trans": [
            [
                -0.07850705832242966,
                0.06141579896211624,
                0.023634951561689377
            ]
        ]
    },
    "1": {
        "rot": [
            [
                [
                    0.9397371411323547,
                    -0.03708457201719284,
                    0.33987998962402344
                ],
                [
                    0.04837053641676903,
                    0.9985216856002808,
                    -0.02479088120162487
                ],
                [
                    -0.3384585380554199,
                    0.039737068116664886,
                    0.940142035484314
                ]
            ]
        ],
        "trans": [
            [
                0.07209601998329163,
                -0.01961209811270237,
                0.09993146359920502
            ]
        ]
    }
}