{
    "0": {
        "rot": [
            [
                [
                    0.9118006825447083,
                    0.19026675820350647,
                    -0.36389169096946716
                ],
                [
                    0.002136722207069397,
                    0.8839641809463501,
                    0.4675493538379669
                ],
                [
                    0.41062620282173157,
                    -0.42708978056907654,
                    0.8055931925773621
                ]
            ]
        ],
        "trans": [
            [
                -0.06204042583703995,
                0.07839385420084,
                0.037187278270721436
            ]
        ]
    },
    "1": {
        "rot": [
            [
                [
                    0.9780635237693787,
                    -0.02874040976166725,
                    0.2063145488500595
                ],
                [
                    0.03982868418097496,
                    0.9979656338691711,
                    -0.04979415237903595
                ],
                [
                    -0.20446346700191498,
                    0.05691913515329361,
                    0.9772179126739502
                ]
            ]
        ],
        "trans": [
            [
                0.06016713008284569,
                -0.0332404226064682,
                0.1100778877735138
            ]
        ]
    }
}