{
    "0": {
        "rot": [
            [
                [
                    0.9149866700172424,
                    0.1565108746290207,
                    -0.37189212441444397
                ],
                [
                    0.0015842808643355966,
                    0.9203020334243774,
                    0.391206294298172
                ],
                [
                    0.40348106622695923,
                    -0.35853758454322815,
                    0.8418160080909729
                ]
            ]
        ],
        "trans": [
            [
                0.008378338068723679,
                0.08212171494960785,
                0.05648075416684151
            ]
        ]
    },
    "1": {
        "rot": [
            [
                [
                    0.9744909405708313,
                    -0.004148369189351797,
                    0.2243911176919937
                ],
                [
                    0.02474132925271988,
                    0.9957207441329956,
                    -0.08903910964727402
                ],
                [
                    -0.22306136786937714,
                    0.09231948852539062,
                    0.9704228639602661
                ]
            ]
        ],
        "trans": [
            [
                0.044587839394807816,
                -0.05607561022043228,
                0.11544755101203918
            ]
        ]
    }
}