{
    "0": {
        "rot": [
            [
                [
                    0.9101575613021851,
                    0.14500083029270172,
                    -0.3880568742752075
                ],
                [
                    0.02021486684679985,
                    0.9200801253318787,
                    0.3912084996700287
                ],
                [
                    0.4137689471244812,
                    -0.36390596628189087,
                    0.834486722946167
                ]
            ]
        ],
        "trans": [
            [
                0.025499042123556137,
                0.08869185298681259,
                0.05109970644116402
            ]
        ]
    },
    "1": {
        "rot": [
            [
                [
                    0.9767107367515564,
                    -0.053724855184555054,
                    0.2077249437570572
                ],
                [
                    0.034049808979034424,
                    0.9946861267089844,
                    0.09716004878282547
                ],
                [
                    -0.21184127032756805,
                    -0.08782429993152618,
                    0.9733502268791199
                ]
            ]
        ],
        "trans": [
            [
                0.02028908208012581,
                -0.04193579778075218,
                0.1309397667646408
            ]
        ]
    }
}