{
    "0": {
        "rot": [
            [
                [
                    0.9498679041862488,
                    0.14795461297035217,
                    -0.2754287123680115
                ],
                [
                    -0.026638176292181015,
                    0.9160367250442505,
                    0.4002093970775604
                ],
                [
                    0.3115156888961792,
                    -0.37280893325805664,
                    0.8740547895431519
                ]
            ]
        ],
        "trans": [
            [
                -0.01740119606256485,
                0.09087154269218445,
                0.04776538535952568
            ]
        ]
    },
    "1": {
        "rot": [
            [
                [
                    0.9831356406211853,
                    -0.03230241686105728,
                    0.18000428378582
                ],
                [
                    0.011271963827311993,
                    0.9931086897850037,
                    0.11665206402540207
                ],
                [
                    -0.1825319230556488,
                    -0.11265575885772705,
                    0.9767245650291443
                ]
            ]
        ],
        "trans": [
            [
                -0.0043424321338534355,
                -0.05001569166779518,
                0.13789929449558258
            ]
        ]
    }
}