{
    "0": {
        "rot": [
            [
                [
                    0.9893620610237122,
                    0.09753638505935669,
                    -0.1079254075884819
                ],
                [
                    -0.030859239399433136,
                    0.8657508492469788,
                    0.49952253699302673
                ],
                [
                    0.14215798676013947,
                    -0.49087846279144287,
                    0.8595517873764038
                ]
            ]
        ],
        "trans": [
            [
                -0.047790639102458954,
                0.08046756684780121,
                0.04199652373790741
            ]
        ]
    },
    "1": {
        "rot": [
            [
                [
                    0.9910348653793335,
                    -0.026023775339126587,
                    0.1310439556837082
                ],
                [
                    0.027246542274951935,
                    0.9996002912521362,
                    -0.007546293083578348
                ],
                [
                    -0.13079513609409332,
                    0.011049143970012665,
                    0.9913479089736938
                ]
            ]
        ],
        "trans": [
            [
                -0.04317007213830948,
                -0.06458090990781784,
                0.14274433255195618
            ]
        ]
    }
}