{
    "0": {
        "rot": [
            [
                [
                    0.9892374873161316,
                    0.10875300318002701,
                    -0.09788431972265244
                ],
                [
                    -0.05429432541131973,
                    0.8940675258636475,
                    0.4446299374103546
                ],
                [
                    0.13586989045143127,
                    -0.4345301687717438,
                    0.8903499841690063
                ]
            ]
        ],
        "trans": [
            [
                -0.02663649432361126,
                0.07377578318119049,
                0.06959162652492523
            ]
        ]
    },
    "1": {
        "rot": [
            [
                [
                    0.9993841648101807,
                    9.960212628357112e-05,
                    -0.035083308815956116
                ],
                [
                    0.002023448469117284,
                    0.9981675744056702,
                    0.060473181307315826
                ],
                [
                    0.03502500802278519,
                    -0.06050695851445198,
                    0.9975531101226807
                ]
            ]
        ],
        "trans": [
            [
                -0.0799872875213623,
                -0.0631532296538353,
                0.12916526198387146
            ]
        ]
    }
}