{
    "0": {
        "rot": [
            [
                [
                    0.9756461381912231,
                    0.11072665452957153,
                    -0.18935103714466095
                ],
                [
                    -0.025122515857219696,
                    0.913966178894043,
                    0.40501248836517334
                ],
                [
                    0.21790602803230286,
                    -0.39039191603660583,
                    0.8944894075393677
                ]
            ]
        ],
        "trans": [
            [
                -0.015947919338941574,
                0.05902441591024399,
                0.06745755672454834
            ]
        ]
    },
    "1": {
        "rot": [
            [
                [
                    0.9855915904045105,
                    0.052231285721063614,
                    -0.16087576746940613
                ],
                [
                    -0.11990328878164291,
                    0.8865994215011597,
                    -0.44672641158103943
                ],
                [
                    0.1192992702126503,
                    0.45957934856414795,
                    0.8800880312919617
                ]
            ]
        ],
        "trans": [
            [
                -0.07213574647903442,
                -0.12587301433086395,
                0.06653864681720734
            ]
        ]
    }
}