{
    "0": {
        "rot": [
            [
                [
                    0.9848360419273376,
                    0.1103334128856659,
                    -0.13388510048389435
                ],
                [
                    -0.030117208138108253,
                    0.8687277436256409,
                    0.4943736493587494
                ],
                [
                    0.17085568606853485,
                    -0.4828447103500366,
                    0.8588768243789673
                ]
            ]
        ],
        "trans": [
            [
                -0.027472076937556267,
                0.06097250059247017,
                0.06800265610218048
            ]
        ]
    },
    "1": {
        "rot": [
            [
                [
                    0.9194943308830261,
                    0.004738595336675644,
                    -0.39307302236557007
                ],
                [
                    -0.22757957875728607,
                    0.821732223033905,
                    -0.5224592089653015
                ],
                [
                    0.32052531838417053,
                    0.5698542594909668,
                    0.7566571831703186
                ]
            ]
        ],
        "trans": [
            [
                -0.09473516047000885,
                -0.13143138587474823,
                0.025937050580978394
            ]
        ]
    }
}