{
    "0": {
        "rot": [
            [
                [
                    0.9896930456161499,
                    0.08407142013311386,
                    -0.11592721939086914
                ],
                [
                    -0.02588757872581482,
                    0.9012271165847778,
                    0.4325723946094513
                ],
                [
                    0.14084383845329285,
                    -0.4251129925251007,
                    0.894115149974823
                ]
            ]
        ],
        "trans": [
            [
                -0.06431110203266144,
                0.032851822674274445,
                0.07493536919355392
            ]
        ]
    },
    "1": {
        "rot": [
            [
                [
                    0.9533950090408325,
                    -0.05684102699160576,
                    -0.2963227927684784
                ],
                [
                    -0.07986588776111603,
                    0.8995242714881897,
                    -0.42950835824012756
                ],
                [
                    0.29096317291259766,
                    0.43315717577934265,
                    0.8530623912811279
                ]
            ]
        ],
        "trans": [
            [
                -0.10396281629800797,
                -0.07850136607885361,
                0.0943058431148529
            ]
        ]
    }
}